sciname,FeedingType,Trophic.group,Water.column,Diel.Activity,Habitat,Trophic.Level,genus.x,species.x,sciname2,class,cohort,family,genus.y,infraclass,infraorder,kingdom,order,phylum,species.y,subclass,subfamily,subgenus,suborder,subphylum,subtribe,superclass,superfamily,superkingdom,superorder,tribe
Acanthaluteres spilomelanurus,NA,Omnivore,Demersal,Day,sand,2.9,Acanthaluteres,spilomelanurus,Acanthaluteres spilomelanurus,Actinopteri,NA,Monacanthidae,Acanthaluteres,Teleostei,NA,Metazoa,Tetraodontiformes,Chordata,Acanthaluteres spilomelanurus,Neopterygii,NA,NA,NA,Craniata,NA,Actinopterygii,Balistoidea,Eukaryota,NA,NA
Acanthogobius flavimanus,hunting macrofauna (predator),NA,NA,NA,NA,3.39,Acanthogobius,flavimanus,Acanthogobius flavimanus,Actinopteri,NA,Gobiidae,Acanthogobius,Teleostei,NA,Metazoa,Gobiiformes,Chordata,Acanthogobius flavimanus,Neopterygii,Gobionellinae,NA,Gobioidei,Craniata,NA,Actinopterygii,NA,Eukaryota,NA,NA
Acanthopagrus australis,hunting macrofauna (predator),Benthic invertivore,Demersal,Day,rock,3.1,Acanthopagrus,australis,Acanthopagrus australis,Actinopteri,NA,Sparidae,Acanthopagrus,Teleostei,NA,Metazoa,Spariformes,Chordata,Acanthopagrus australis,Neopterygii,NA,NA,NA,Craniata,NA,Actinopterygii,NA,Eukaryota,NA,NA
Acropoma japonicum,NA,NA,NA,NA,NA,3.26,Acropoma,japonicum,Acropoma japonicum,Actinopteri,NA,Acropomatidae,Synagrops,Teleostei,NA,Metazoa,Pempheriformes,Chordata,Synagrops japonicus,Neopterygii,NA,NA,NA,Craniata,NA,Actinopterygii,NA,Eukaryota,NA,NA
Albula vulpes,hunting macrofauna (predator),NA,NA,NA,NA,3.73,Albula,vulpes,Albula vulpes,Actinopteri,NA,Albulidae,Albula,Teleostei,NA,Metazoa,Albuliformes,Chordata,Albula vulpes,Neopterygii,Albulinae,NA,NA,Craniata,NA,Actinopterygii,NA,Eukaryota,NA,NA
Aldrichetta forsteri,grazing on aquatic plants,NA,NA,NA,NA,2.51,Aldrichetta,forsteri,Aldrichetta forsteri,Actinopteri,NA,Mugilidae,Aldrichetta,Teleostei,NA,Metazoa,Mugiliformes,Chordata,Aldrichetta forsteri,Neopterygii,NA,NA,NA,Craniata,NA,Actinopterygii,NA,Eukaryota,NA,NA
Ambassis sp.,NA,NA,NA,NA,NA,3.2,Ambassis,,Ambassis ,Actinopteri,NA,Ambassidae,Ambassis,Teleostei,NA,Metazoa,NA,Chordata,NA,Neopterygii,NA,NA,NA,Craniata,NA,Actinopterygii,NA,Eukaryota,NA,NA
Ambassis jacksoniensis,NA,Planktivore,pelagic site attached,Night,sand,3.1,Ambassis,jacksoniensis,Ambassis jacksoniensis,Actinopteri,NA,Ambassidae,Ambassis,Teleostei,NA,Metazoa,NA,Chordata,Ambassis jacksoniensis,Neopterygii,NA,NA,NA,Craniata,NA,Actinopterygii,NA,Eukaryota,NA,NA
Ambassis marianus,NA,NA,NA,NA,NA,3.4,Ambassis,marianus,Ambassis marianus,Actinopteri,NA,Ambassidae,Ambassis,Teleostei,NA,Metazoa,NA,Chordata,Ambassis marianus,Neopterygii,NA,NA,NA,Craniata,NA,Actinopterygii,NA,Eukaryota,NA,NA
Ammodytes americanus,selective plankton feeding,NA,NA,NA,NA,3.2,Ammodytes,americanus,Ammodytes americanus,Actinopteri,NA,Ammodytidae,Ammodytes,Teleostei,NA,Metazoa,Uranoscopiformes,Chordata,Ammodytes americanus,Neopterygii,NA,NA,NA,Craniata,NA,Actinopterygii,NA,Eukaryota,NA,NA
Ammodytes hexapterus,selective plankton feeding,NA,NA,NA,NA,3.13,Ammodytes,hexapterus,Ammodytes hexapterus,Actinopteri,NA,Ammodytidae,Ammodytes,Teleostei,NA,Metazoa,Uranoscopiformes,Chordata,Ammodytes hexapterus,Neopterygii,NA,NA,NA,Craniata,NA,Actinopterygii,NA,Eukaryota,NA,NA
Ammodytes tobianus,filtering plankton,NA,NA,NA,NA,3.08,Ammodytes,tobianus,Ammodytes tobianus,Actinopteri,NA,Ammodytidae,Ammodytes,Teleostei,NA,Metazoa,Uranoscopiformes,Chordata,Ammodytes tobianus,Neopterygii,NA,NA,NA,Craniata,NA,Actinopterygii,NA,Eukaryota,NA,NA
Anchoa delicatissima,NA,NA,NA,NA,NA,3.4,Anchoa,delicatissima,Anchoa delicatissima,Actinopteri,NA,Engraulidae,Anchoa,Teleostei,NA,Metazoa,Clupeiformes,Chordata,Anchoa delicatissima,Neopterygii,Engraulinae,NA,Clupeoidei,Craniata,NA,Actinopterygii,NA,Eukaryota,NA,NA
Anchoa mitchilli,variable,NA,NA,NA,NA,3.46,Anchoa,mitchilli,Anchoa mitchilli,Actinopteri,NA,Engraulidae,Anchoa,Teleostei,NA,Metazoa,Clupeiformes,Chordata,Anchoa mitchilli,Neopterygii,Engraulinae,NA,Clupeoidei,Craniata,NA,Actinopterygii,NA,Eukaryota,NA,NA
Apodichthys flavidus,hunting macrofauna (predator),NA,NA,NA,NA,3.55,Apodichthys,flavidus,Apodichthys flavidus,Actinopteri,NA,Pholidae,Apodichthys,Teleostei,Zoarcales,Metazoa,Perciformes,Chordata,Apodichthys flavidus,Neopterygii,Apodichthyinae,NA,Cottioidei,Craniata,NA,Actinopterygii,NA,Eukaryota,NA,NA
Archosargus probatocephalus,hunting macrofauna (predator),NA,NA,NA,NA,3.53,Archosargus,probatocephalus,Archosargus probatocephalus,Actinopteri,NA,Sparidae,Archosargus,Teleostei,NA,Metazoa,Spariformes,Chordata,Archosargus probatocephalus,Neopterygii,NA,NA,NA,Craniata,NA,Actinopterygii,NA,Eukaryota,NA,NA
Arenigobius bifrenatus,NA,NA,NA,NA,NA,NA,Arenigobius,bifrenatus,Arenigobius bifrenatus,Actinopteri,NA,Gobiidae,Arenigobius,Teleostei,NA,Metazoa,Gobiiformes,Chordata,Arenigobius bifrenatus,Neopterygii,Gobiinae,NA,Gobioidei,Craniata,NA,Actinopterygii,NA,Eukaryota,NA,NA
Arothron hispidus,variable,NA,NA,NA,NA,3.24,Arothron,hispidus,Arothron hispidus,Actinopteri,NA,Tetraodontidae,Arothron,Teleostei,NA,Metazoa,Tetraodontiformes,Chordata,Arothron hispidus,Neopterygii,NA,NA,Tetraodontoidei,Craniata,NA,Actinopterygii,Tetradontoidea,Eukaryota,NA,NA
Arothron stellatus,hunting macrofauna (predator),NA,NA,NA,NA,3.65,Arothron,stellatus,Arothron stellatus,Actinopteri,NA,Tetraodontidae,Arothron,Teleostei,NA,Metazoa,Tetraodontiformes,Chordata,Arothron stellatus,Neopterygii,NA,NA,Tetraodontoidei,Craniata,NA,Actinopterygii,Tetradontoidea,Eukaryota,NA,NA
Arrhamphus sclerolepis,NA,NA,NA,NA,NA,3.1,Arrhamphus,sclerolepis,Arrhamphus sclerolepis,Actinopteri,NA,Hemiramphidae,Arrhamphus,Teleostei,NA,Metazoa,Beloniformes,Chordata,Arrhamphus sclerolepis,Neopterygii,NA,NA,Belonoidei,Craniata,NA,Actinopterygii,NA,Eukaryota,Atherinomorphae,NA
Arripis georgianus,hunting macrofauna (predator),NA,NA,NA,NA,4.31,Arripis,georgianus,Arripis georgianus,Actinopteri,NA,Arripidae,Arripis,Teleostei,NA,Metazoa,Scombriformes,Chordata,Arripis georgianus,Neopterygii,NA,NA,NA,Craniata,NA,Actinopterygii,NA,Eukaryota,NA,NA
Artedius harringtoni,hunting macrofauna (predator),NA,NA,NA,NA,3.41,Artedius,harringtoni,Artedius harringtoni,Actinopteri,NA,Cottidae,Artedius,Teleostei,Cottales,Metazoa,Perciformes,Chordata,Artedius harringtoni,Neopterygii,NA,NA,Cottioidei,Craniata,NA,Actinopterygii,NA,Eukaryota,NA,NA
Artedius lateralis,hunting macrofauna (predator),NA,NA,NA,NA,3.7,Artedius,lateralis,Artedius lateralis,Actinopteri,NA,Cottidae,Artedius,Teleostei,Cottales,Metazoa,Perciformes,Chordata,Artedius lateralis,Neopterygii,NA,NA,Cottioidei,Craniata,NA,Actinopterygii,NA,Eukaryota,NA,NA
Atherina boyeri,hunting macrofauna (predator),NA,NA,NA,NA,3.22,Atherina,boyeri,Atherina boyeri,Actinopteri,NA,Atherinidae,Atherina,Teleostei,NA,Metazoa,Atheriniformes,Chordata,Atherina boyeri,Neopterygii,Atherininae,NA,NA,Craniata,NA,Actinopterygii,NA,Eukaryota,Atherinomorphae,NA
Atherina hepsetus,hunting macrofauna (predator),NA,NA,NA,NA,3.24,Atherina,hepsetus,Atherina hepsetus,Actinopteri,NA,Atherinidae,Atherina,Teleostei,NA,Metazoa,Atheriniformes,Chordata,Atherina hepsetus,Neopterygii,Atherininae,NA,NA,Craniata,NA,Actinopterygii,NA,Eukaryota,Atherinomorphae,NA
Atherina presbyter,selective plankton feeding,NA,NA,NA,NA,3.67,Atherina,presbyter,Atherina presbyter,Actinopteri,NA,Atherinidae,Atherina,Teleostei,NA,Metazoa,Atheriniformes,Chordata,Atherina presbyter,Neopterygii,Atherininae,NA,NA,Craniata,NA,Actinopterygii,NA,Eukaryota,Atherinomorphae,NA
Atherinella brasiliensis,hunting macrofauna (predator),NA,NA,NA,NA,3.23,Atherinella,brasiliensis,Atherinella brasiliensis,Actinopteri,NA,Atherinopsidae,Atherinella,Teleostei,NA,Metazoa,Atheriniformes,Chordata,Atherinella brasiliensis,Neopterygii,Menidiinae,NA,NA,Craniata,NA,Actinopterygii,NA,Eukaryota,Atherinomorphae,NA
Atherinomorus endrachtensis,selective plankton feeding,NA,NA,NA,NA,3.4,Atherinomorus,endrachtensis,Atherinomorus endrachtensis,Actinopteri,NA,Atherinidae,Atherinomorus,Teleostei,NA,Metazoa,Atheriniformes,Chordata,Atherinomorus endrachtensis,Neopterygii,Atherininae,NA,NA,Craniata,NA,Actinopterygii,NA,Eukaryota,Atherinomorphae,NA
Atherinomorus vaigiensis,variable,NA,NA,NA,NA,3.3,Atherinomorus,vaigiensis,Atherinomorus vaigiensis,Actinopteri,NA,Atherinidae,Atherinomorus,Teleostei,NA,Metazoa,Atheriniformes,Chordata,Atherinomorus vaigiensis,Neopterygii,Atherininae,NA,NA,Craniata,NA,Actinopterygii,NA,Eukaryota,Atherinomorphae,NA
Atherinops affinis,selective plankton feeding,NA,NA,NA,NA,2.76,Atherinops,affinis,Atherinops affinis,Actinopteri,NA,Atherinopsidae,Atherinops,Teleostei,NA,Metazoa,Atheriniformes,Chordata,Atherinops affinis,Neopterygii,Atherinopsinae,NA,NA,Craniata,NA,Actinopterygii,NA,Eukaryota,Atherinomorphae,NA
Atherinopsis californiensis,variable,NA,NA,NA,NA,2.33,Atherinopsis,californiensis,Atherinopsis californiensis,Actinopteri,NA,Atherinopsidae,Atherinopsis,Teleostei,NA,Metazoa,Atheriniformes,Chordata,Atherinopsis californiensis,Neopterygii,Atherinopsinae,NA,NA,Craniata,NA,Actinopterygii,NA,Eukaryota,Atherinomorphae,NA
Atherinosoma microstoma,NA,NA,NA,NA,NA,3.3,Atherinosoma,microstoma,Atherinosoma microstoma,Actinopteri,NA,Atherinidae,Atherinosoma,Teleostei,NA,Metazoa,Atheriniformes,Chordata,Atherinosoma microstoma,Neopterygii,Atherininae,NA,NA,Craniata,NA,Actinopterygii,NA,Eukaryota,Atherinomorphae,NA
Aulorhynchus flavidus,hunting macrofauna (predator),NA,NA,NA,NA,3.390000105,Aulorhynchus,flavidus,Aulorhynchus flavidus,Actinopteri,NA,Aulorhynchidae,Aulorhynchus,Teleostei,Gasterosteales,Metazoa,Perciformes,Chordata,Aulorhynchus flavidus,Neopterygii,NA,NA,Cottioidei,Craniata,NA,Actinopterygii,NA,Eukaryota,NA,NA
Aulostomus chinensis,hunting macrofauna (predator),NA,NA,NA,NA,4.24,Aulostomus,chinensis,Aulostomus chinensis,Actinopteri,NA,Aulostomidae,Aulostomus,Teleostei,NA,Metazoa,Syngnathiformes,Chordata,Aulostomus chinensis,Neopterygii,NA,NA,NA,Craniata,NA,Actinopterygii,NA,Eukaryota,NA,NA
Bairdiella chrysoura,variable,NA,NA,NA,NA,3.2,Bairdiella,chrysoura,Bairdiella chrysoura,Actinopteri,NA,Sciaenidae,Bairdiella,Teleostei,NA,Metazoa,NA,Chordata,Bairdiella chrysoura,Neopterygii,NA,NA,NA,Craniata,NA,Actinopterygii,NA,Eukaryota,NA,NA
Bathygobius soporator,hunting macrofauna (predator),NA,NA,NA,NA,3.71,Bathygobius,soporator,Bathygobius soporator,Actinopteri,NA,Gobiidae,Bathygobius,Teleostei,NA,Metazoa,Gobiiformes,Chordata,Bathygobius soporator,Neopterygii,Gobiinae,NA,Gobioidei,Craniata,NA,Actinopterygii,NA,Eukaryota,NA,NA
Blepsias cirrhosus,variable,NA,NA,NA,NA,3.28,Blepsias,cirrhosus,Blepsias cirrhosus,Actinopteri,NA,Agonidae,Blepsias,Teleostei,Cottales,Metazoa,Perciformes,Chordata,Blepsias cirrhosus,Neopterygii,Hemitripterinae,NA,Cottioidei,Craniata,NA,Actinopterygii,NA,Eukaryota,NA,NA
Brachyistius frenatus,hunting macrofauna (predator),Benthic invertivore,pelagic site attached,Day,rock,3.5,Brachyistius,frenatus,Brachyistius frenatus,Actinopteri,NA,Embiotocidae,Brachyistius,Teleostei,NA,Metazoa,NA,Chordata,Brachyistius frenatus,Neopterygii,NA,NA,NA,Craniata,NA,Actinopterygii,NA,Eukaryota,NA,NA
Callionymus lyra,hunting macrofauna (predator),NA,NA,NA,NA,3.27,Callionymus,lyra,Callionymus lyra,Actinopteri,NA,Callionymidae,Callionymus,Teleostei,NA,Metazoa,Syngnathiformes,Chordata,Callionymus lyra,Neopterygii,NA,NA,Callionymoidei,Craniata,NA,Actinopterygii,NA,Eukaryota,NA,NA
Caranx latus,hunting macrofauna (predator),NA,NA,NA,NA,4.16,Caranx,latus,Caranx latus,Actinopteri,NA,Carangidae,Caranx,Teleostei,NA,Metazoa,Carangiformes,Chordata,Caranx latus,Neopterygii,NA,NA,NA,Craniata,NA,Actinopterygii,NA,Eukaryota,NA,NA
Centropogon australis,NA,Benthic invertivore,benthic,Day,rock,3.2,Centropogon,australis,Centropogon australis,Actinopteri,NA,Tetrarogidae,Centropogon,Teleostei,NA,Metazoa,Perciformes,Chordata,"Centropogon australis (White, 1790)",Neopterygii,NA,NA,Scorpaenoidei,Craniata,NA,Actinopterygii,NA,Eukaryota,NA,NA
Chasmodes saburrae,hunting macrofauna (predator),NA,NA,NA,NA,3.47,Chasmodes,saburrae,Chasmodes saburrae,Actinopteri,NA,Blenniidae,Chasmodes,Teleostei,NA,Metazoa,Blenniiformes,Chordata,Chasmodes saburrae,Neopterygii,Salariinae,NA,Blennioidei,Craniata,NA,Actinopterygii,NA,Eukaryota,NA,NA
Cheilodactylus variegatus,hunting macrofauna (predator),NA,NA,NA,NA,3.65,Cheilodactylus,variegatus,Cheilodactylus variegatus,Actinopteri,NA,Cheilodactylidae,Cheilodactylus,Teleostei,NA,Metazoa,Centrarchiformes,Chordata,Cheilodactylus variegatus,Neopterygii,NA,NA,NA,Craniata,NA,Actinopterygii,Cirrhitioidei,Eukaryota,NA,NA
Chelidonichthys kumu,hunting macrofauna (predator),NA,NA,NA,NA,3.68,Chelidonichthys,kumu,Chelidonichthys kumu,Actinopteri,NA,Triglidae,Chelidonichthys,Teleostei,NA,Metazoa,Perciformes,Chordata,Chelidonichthys kumu,Neopterygii,NA,NA,Triglioidei,Craniata,NA,Actinopterygii,NA,Eukaryota,NA,NA
Chilomycterus schoepfi,NA,NA,NA,NA,NA,3.5,Chilomycterus,schoepfi,Chilomycterus schoepfi,Actinopteri,NA,Diodontidae,Chilomycterus,Teleostei,NA,Metazoa,Tetraodontiformes,Chordata,Chilomycterus schoepfii,Neopterygii,NA,NA,Tetraodontoidei,Craniata,NA,Actinopterygii,NA,Eukaryota,NA,NA
Citharichthys sordidus,hunting macrofauna (predator),NA,NA,NA,NA,3.46,Citharichthys,sordidus,Citharichthys sordidus,Actinopteri,NA,Paralichthyidae,Citharichthys,Teleostei,NA,Metazoa,Pleuronectiformes,Chordata,Citharichthys sordidus,Neopterygii,NA,NA,Pleuronectoidei,Craniata,NA,Actinopterygii,NA,Eukaryota,NA,NA
Citharichthys stigmaeus,hunting macrofauna (predator),Benthic invertivore,benthic,Night,sand,3.4,Citharichthys,stigmaeus,Citharichthys stigmaeus,Actinopteri,NA,Paralichthyidae,Citharichthys,Teleostei,NA,Metazoa,Pleuronectiformes,Chordata,Citharichthys stigmaeus,Neopterygii,NA,NA,Pleuronectoidei,Craniata,NA,Actinopterygii,NA,Eukaryota,NA,NA
Clevelandia ios,hunting macrofauna (predator),NA,NA,NA,NA,3.119999886,Clevelandia,ios,Clevelandia ios,Actinopteri,NA,Gobiidae,Clevelandia,Teleostei,NA,Metazoa,Gobiiformes,Chordata,Clevelandia ios,Neopterygii,Gobionellinae,NA,Gobioidei,Craniata,NA,Actinopterygii,NA,Eukaryota,NA,NA
Clupea harengus,selective plankton feeding,NA,NA,NA,NA,3.38,Clupea,harengus,Clupea harengus,Actinopteri,NA,Clupeidae,Clupea,Teleostei,NA,Metazoa,Clupeiformes,Chordata,Clupea harengus,Neopterygii,Clupeinae,NA,Clupeoidei,Craniata,NA,Actinopterygii,NA,Eukaryota,NA,NA
Cottoidea sp.,NA,NA,NA,NA,NA,3.3,Cottoidea,,Cottoidea ,Actinopteri,NA,NA,NA,Teleostei,NA,Metazoa,Scorpaeniformes,Chordata,NA,NA,NA,NA,Cottoidei,Craniata,NA,Actinopterygii,Cottoidea,Eukaryota,NA,NA
Cottus asper,hunting macrofauna (predator),NA,NA,NA,NA,3.2,Cottus,asper,Cottus asper,Actinopteri,NA,Cottidae,Cottus,Teleostei,Cottales,Metazoa,Perciformes,Chordata,Cottus asper,Neopterygii,NA,NA,Cottioidei,Craniata,NA,Actinopterygii,NA,Eukaryota,NA,NA
Cottus bairdi,NA,NA,NA,NA,NA,3.3,Cottus,bairdi,Cottus bairdi,Actinopteri,NA,Cottidae,Cottus,Teleostei,Cottales,Metazoa,Perciformes,Chordata,Cottus bairdii,Neopterygii,NA,NA,Cottioidei,Craniata,NA,Actinopterygii,NA,Eukaryota,NA,NA
Ctenogobius boleosoma,hunting macrofauna (predator),NA,NA,NA,NA,3.25,Ctenogobius,boleosoma,Ctenogobius boleosoma,Actinopteri,NA,Gobiidae,Ctenogobius,Teleostei,NA,Metazoa,Gobiiformes,Chordata,Ctenogobius boleosoma,Neopterygii,Gobionellinae,NA,Gobioidei,Craniata,NA,Actinopterygii,NA,Eukaryota,NA,NA
Ctenogobius sagittula,NA,NA,NA,NA,NA,3.7,Ctenogobius,sagittula,Ctenogobius sagittula,Actinopteri,NA,Gobiidae,Ctenogobius,Teleostei,NA,Metazoa,Gobiiformes,Chordata,Ctenogobius sagittula,Neopterygii,Gobionellinae,NA,Gobioidei,Craniata,NA,Actinopterygii,NA,Eukaryota,NA,NA
Culaea inconstans,hunting macrofauna (predator),NA,NA,NA,NA,3.19,Culaea,inconstans,Culaea inconstans,Actinopteri,NA,Gasterosteidae,Culaea,Teleostei,Gasterosteales,Metazoa,Perciformes,Chordata,Culaea inconstans,Neopterygii,NA,NA,Cottioidei,Craniata,NA,Actinopterygii,NA,Eukaryota,NA,NA
Cyclopterus lumpus,hunting macrofauna (predator),NA,NA,NA,NA,3.89,Cyclopterus,lumpus,Cyclopterus lumpus,Actinopteri,NA,Cyclopteridae,Cyclopterus,Teleostei,Cottales,Metazoa,Perciformes,Chordata,Cyclopterus lumpus,Neopterygii,Cyclopterinae,NA,Cottioidei,Craniata,NA,Actinopterygii,NA,Eukaryota,NA,NA
Cymatogaster aggregata,hunting macrofauna (predator),NA,NA,NA,NA,2.99,Cymatogaster,aggregata,Cymatogaster aggregata,Actinopteri,NA,Embiotocidae,Cymatogaster,Teleostei,NA,Metazoa,NA,Chordata,Cymatogaster aggregata,Neopterygii,NA,NA,NA,Craniata,NA,Actinopterygii,NA,Eukaryota,NA,NA
Cynoscion arenarius,hunting macrofauna (predator),NA,NA,NA,NA,4.17,Cynoscion,arenarius,Cynoscion arenarius,Actinopteri,NA,Sciaenidae,Cynoscion,Teleostei,NA,Metazoa,NA,Chordata,Cynoscion arenarius,Neopterygii,NA,NA,NA,Craniata,NA,Actinopterygii,NA,Eukaryota,NA,NA
Cynoscion nebulosus,hunting macrofauna (predator),NA,NA,NA,NA,3.98,Cynoscion,nebulosus,Cynoscion nebulosus,Actinopteri,NA,Sciaenidae,Cynoscion,Teleostei,NA,Metazoa,NA,Chordata,Cynoscion nebulosus,Neopterygii,NA,NA,NA,Craniata,NA,Actinopterygii,NA,Eukaryota,NA,NA
Cyprinodon variegatus,NA,NA,NA,NA,NA,2.9,Cyprinodon,variegatus,Cyprinodon variegatus,Actinopteri,NA,Cyprinodontidae,Cyprinodon,Teleostei,NA,Metazoa,Cyprinodontiformes,Chordata,Cyprinodon variegatus,Neopterygii,Cyprinodontinae,NA,Cyprinodontoidei,Craniata,NA,Actinopterygii,NA,Eukaryota,Atherinomorphae,Cyprinodontini
Dicentrarchus labrax,hunting macrofauna (predator),NA,NA,NA,NA,3.47,Dicentrarchus,labrax,Dicentrarchus labrax,Actinopteri,NA,Moronidae,Dicentrarchus,Teleostei,NA,Metazoa,NA,Chordata,Dicentrarchus labrax,Neopterygii,NA,NA,NA,Craniata,NA,Actinopterygii,NA,Eukaryota,NA,NA
Diplodus holbrookii,grazing on aquatic plants,NA,NA,NA,NA,2.32,Diplodus,holbrookii,Diplodus holbrookii,Actinopteri,NA,Sparidae,Diplodus,Teleostei,NA,Metazoa,Spariformes,Chordata,Diplodus holbrookii,Neopterygii,NA,NA,NA,Craniata,NA,Actinopterygii,NA,Eukaryota,NA,NA
Diplodus sargus,NA,NA,NA,NA,NA,NA,Diplodus,sargus,Diplodus sargus,Actinopteri,NA,Sparidae,Diplodus,Teleostei,NA,Metazoa,Spariformes,Chordata,Diplodus sargus,Neopterygii,NA,NA,NA,Craniata,NA,Actinopterygii,NA,Eukaryota,NA,NA
Ditrema temminckii,NA,NA,NA,NA,NA,3.7,Ditrema,temminckii,Ditrema temminckii,Actinopteri,NA,Embiotocidae,Ditrema,Teleostei,NA,Metazoa,NA,Chordata,Ditrema temminckii,Neopterygii,NA,NA,NA,Craniata,NA,Actinopterygii,NA,Eukaryota,NA,NA
Echiichthys vipera,hunting macrofauna (predator),NA,NA,NA,NA,4.41,Echiichthys,vipera,Echiichthys vipera,Actinopteri,NA,Trachinidae,Echiichthys,Teleostei,NA,Metazoa,Perciformes,Chordata,Echiichthys vipera,Neopterygii,NA,NA,Percoidei,Craniata,NA,Actinopterygii,NA,Eukaryota,NA,NA
Elops saurus,hunting macrofauna (predator),NA,NA,NA,NA,3.49,Elops,saurus,Elops saurus,Actinopteri,NA,Elopidae,Elops,Teleostei,NA,Metazoa,Elopiformes,Chordata,Elops saurus,Neopterygii,NA,NA,NA,Craniata,NA,Actinopterygii,NA,Eukaryota,NA,NA
Embiotoca sp.,NA,NA,NA,NA,NA,NA,Embiotoca,,Embiotoca ,Actinopteri,NA,Embiotocidae,Embiotoca,Teleostei,NA,Metazoa,NA,Chordata,NA,Neopterygii,NA,NA,NA,Craniata,NA,Actinopterygii,NA,Eukaryota,NA,NA
Embiotoca jacksoni,hunting macrofauna (predator),NA,NA,NA,NA,3.31,Embiotoca,jacksoni,Embiotoca jacksoni,Actinopteri,NA,Embiotocidae,Embiotoca,Teleostei,NA,Metazoa,NA,Chordata,Embiotoca jacksoni,Neopterygii,NA,NA,NA,Craniata,NA,Actinopterygii,NA,Eukaryota,NA,NA
Embiotoca lateralis,hunting macrofauna (predator),NA,NA,NA,NA,3.33,Embiotoca,lateralis,Embiotoca lateralis,Actinopteri,NA,Embiotocidae,Embiotoca,Teleostei,NA,Metazoa,NA,Chordata,Embiotoca lateralis,Neopterygii,NA,NA,NA,Craniata,NA,Actinopterygii,NA,Eukaryota,NA,NA
Embiotocidae sp.,NA,NA,NA,NA,NA,NA,Embiotocidae,,Embiotocidae ,Actinopteri,NA,Embiotocidae,NA,Teleostei,NA,Metazoa,NA,Chordata,NA,Neopterygii,NA,NA,NA,Craniata,NA,Actinopterygii,NA,Eukaryota,NA,NA
Engraulis ringens,filtering plankton,NA,NA,NA,NA,2.859999895,Engraulis,ringens,Engraulis ringens,Actinopteri,NA,Engraulidae,Engraulis,Teleostei,NA,Metazoa,Clupeiformes,Chordata,Engraulis ringens,Neopterygii,Engraulinae,NA,Clupeoidei,Craniata,NA,Actinopterygii,NA,Eukaryota,NA,NA
Enophrys bison,hunting macrofauna (predator),NA,NA,NA,NA,3.34,Enophrys,bison,Enophrys bison,Actinopteri,NA,Cottidae,Enophrys,Teleostei,Cottales,Metazoa,Perciformes,Chordata,Enophrys bison,Neopterygii,NA,NA,Cottioidei,Craniata,NA,Actinopterygii,NA,Eukaryota,NA,NA
Entelurus aequoreus,variable,NA,NA,NA,NA,3.539999962,Entelurus,aequoreus,Entelurus aequoreus,Actinopteri,NA,Syngnathidae,Entelurus,Teleostei,NA,Metazoa,Syngnathiformes,Chordata,Entelurus aequoreus,Neopterygii,Syngnathinae,NA,Syngnathoidei,Craniata,NA,Actinopterygii,NA,Eukaryota,NA,NA
Epinephelus sp.,NA,NA,NA,NA,NA,NA,Epinephelus,,Epinephelus ,Actinopteri,NA,Serranidae,Epinephelus,Teleostei,NA,Metazoa,Perciformes,Chordata,NA,Neopterygii,Epinephelinae,NA,Serranoidei,Craniata,NA,Actinopterygii,NA,Eukaryota,NA,Epinephelini
Epinephelus coioides,hunting macrofauna (predator),NA,NA,NA,NA,4,Epinephelus,coioides,Epinephelus coioides,Actinopteri,NA,Serranidae,Epinephelus,Teleostei,NA,Metazoa,Perciformes,Chordata,Epinephelus coioides,Neopterygii,Epinephelinae,NA,Serranoidei,Craniata,NA,Actinopterygii,NA,Eukaryota,NA,Epinephelini
Ethmidium maculatum,filtering plankton,NA,NA,NA,NA,2.07,Ethmidium,maculatum,Ethmidium maculatum,Actinopteri,NA,Clupeidae,Ethmidium,Teleostei,NA,Metazoa,Clupeiformes,Chordata,Ethmidium maculatum,Neopterygii,Clupeinae,NA,Clupeoidei,Craniata,NA,Actinopterygii,NA,Eukaryota,NA,NA
Etropus longimanus,NA,NA,NA,NA,NA,3.44,Etropus,longimanus,Etropus longimanus,Actinopteri,NA,Paralichthyidae,Etropus,Teleostei,NA,Metazoa,Pleuronectiformes,Chordata,Etropus longimanus,Neopterygii,NA,NA,Pleuronectoidei,Craniata,NA,Actinopterygii,NA,Eukaryota,NA,NA
Eucinostomus argenteus,hunting macrofauna (predator),NA,NA,NA,NA,3.24,Eucinostomus,argenteus,Eucinostomus argenteus,Actinopteri,NA,Gerreidae,Eucinostomus,Teleostei,NA,Metazoa,Gerreiformes,Chordata,Eucinostomus argenteus,Neopterygii,NA,NA,NA,Craniata,NA,Actinopterygii,NA,Eukaryota,NA,NA
Eucinostomus harengulus,hunting macrofauna (predator),NA,NA,NA,NA,3.26,Eucinostomus,harengulus,Eucinostomus harengulus,Actinopteri,NA,Gerreidae,Eucinostomus,Teleostei,NA,Metazoa,Gerreiformes,Chordata,Eucinostomus harengulus,Neopterygii,NA,NA,NA,Craniata,NA,Actinopterygii,NA,Eukaryota,NA,NA
Favonigobius exquisitus,NA,NA,NA,NA,NA,3.5,Favonigobius,exquisitus,Favonigobius exquisitus,Actinopteri,NA,Gobiidae,Favonigobius,Teleostei,NA,Metazoa,Gobiiformes,Chordata,Favonigobius exquisitus,Neopterygii,Gobiinae,NA,Gobioidei,Craniata,NA,Actinopterygii,NA,Eukaryota,NA,NA
Favonigobius gymnauchen,NA,NA,NA,NA,NA,2.71,Favonigobius,gymnauchen,Favonigobius gymnauchen,Actinopteri,NA,Gobiidae,Favonigobius,Teleostei,NA,Metazoa,Gobiiformes,Chordata,Favonigobius gymnauchen,Neopterygii,Gobiinae,NA,Gobioidei,Craniata,NA,Actinopterygii,NA,Eukaryota,NA,NA
Fistularia commersonii,hunting macrofauna (predator),NA,NA,NA,NA,4.26,Fistularia,commersonii,Fistularia commersonii,Actinopteri,NA,Fistulariidae,Fistularia,Teleostei,NA,Metazoa,Syngnathiformes,Chordata,Fistularia commersonii,Neopterygii,NA,NA,NA,Craniata,NA,Actinopterygii,NA,Eukaryota,NA,NA
Fundulus grandis,NA,NA,NA,NA,NA,3.42,Fundulus,grandis,Fundulus grandis,Actinopteri,NA,Fundulidae,Fundulus,Teleostei,NA,Metazoa,Cyprinodontiformes,Chordata,Fundulus grandis,Neopterygii,NA,NA,Cyprinodontoidei,Craniata,NA,Actinopterygii,NA,Eukaryota,Atherinomorphae,NA
Fundulus heteroclitus,variable,NA,NA,NA,NA,3.59,Fundulus,heteroclitus,Fundulus heteroclitus,Actinopteri,NA,Fundulidae,Fundulus,Teleostei,NA,Metazoa,Cyprinodontiformes,Chordata,Fundulus heteroclitus,Neopterygii,NA,NA,Cyprinodontoidei,Craniata,NA,Actinopterygii,NA,Eukaryota,Atherinomorphae,NA
Fundulus parvipinnis,NA,NA,NA,NA,NA,3.3,Fundulus,parvipinnis,Fundulus parvipinnis,Actinopteri,NA,Fundulidae,Fundulus,Teleostei,NA,Metazoa,Cyprinodontiformes,Chordata,Fundulus parvipinnis,Neopterygii,NA,NA,Cyprinodontoidei,Craniata,NA,Actinopterygii,NA,Eukaryota,Atherinomorphae,NA
Fundulus similis,NA,NA,NA,NA,NA,3.3,Fundulus,similis,Fundulus similis,Actinopteri,NA,Fundulidae,Fundulus,Teleostei,NA,Metazoa,Cyprinodontiformes,Chordata,Fundulus similis,Neopterygii,NA,NA,Cyprinodontoidei,Craniata,NA,Actinopterygii,NA,Eukaryota,Atherinomorphae,NA
Gadus chalcogrammus,NA,NA,NA,NA,NA,3.6,Gadus,chalcogrammus,Gadus chalcogrammus,Actinopteri,NA,Gadidae,Gadus,Teleostei,NA,Metazoa,Gadiformes,Chordata,Gadus chalcogrammus,Neopterygii,NA,NA,Gadoidei,Craniata,NA,Actinopterygii,NA,Eukaryota,NA,NA
Gadus morhua,hunting macrofauna (predator),NA,NA,NA,NA,4.09,Gadus,morhua,Gadus morhua,Actinopteri,NA,Gadidae,Gadus,Teleostei,NA,Metazoa,Gadiformes,Chordata,Gadus morhua,Neopterygii,NA,NA,Gadoidei,Craniata,NA,Actinopterygii,NA,Eukaryota,NA,NA
Gasterosteus aculeatus,hunting macrofauna (predator),NA,NA,NA,NA,3.31,Gasterosteus,aculeatus,Gasterosteus aculeatus,Actinopteri,NA,Gasterosteidae,Gasterosteus,Teleostei,Gasterosteales,Metazoa,Perciformes,Chordata,Gasterosteus aculeatus,Neopterygii,NA,NA,Cottioidei,Craniata,NA,Actinopterygii,NA,Eukaryota,NA,NA
Gasterosteus wheatlandi,hunting macrofauna (predator),NA,NA,NA,NA,3.28,Gasterosteus,wheatlandi,Gasterosteus wheatlandi,Actinopteri,NA,Gasterosteidae,Gasterosteus,Teleostei,Gasterosteales,Metazoa,Perciformes,Chordata,Gasterosteus wheatlandi,Neopterygii,NA,NA,Cottioidei,Craniata,NA,Actinopterygii,NA,Eukaryota,NA,NA
Gerres oyena,hunting macrofauna (predator),NA,NA,NA,NA,2.72,Gerres,oyena,Gerres oyena,Actinopteri,NA,Gerreidae,Gerres,Teleostei,NA,Metazoa,Gerreiformes,Chordata,Gerres oyena,Neopterygii,NA,NA,NA,Craniata,NA,Actinopterygii,NA,Eukaryota,NA,NA
Gerres subfasciatus,NA,Benthic invertivore,pelagic site attached,Night,sand,3.3,Gerres,subfasciatus,Gerres subfasciatus,Actinopteri,NA,Gerreidae,Gerres,Teleostei,NA,Metazoa,Gerreiformes,Chordata,Gerres subfasciatus,Neopterygii,NA,NA,NA,Craniata,NA,Actinopterygii,NA,Eukaryota,NA,NA
Girella tricuspidata,grazing on aquatic plants,NA,NA,NA,NA,2.09,Girella,tricuspidata,Girella tricuspidata,Actinopteri,NA,Kyphosidae,Girella,Teleostei,NA,Metazoa,Centrarchiformes,Chordata,Girella tricuspidata,Neopterygii,Girellinae,NA,NA,Craniata,NA,Actinopterygii,Terapontoidei,Eukaryota,NA,NA
Girella zebra,grazing on aquatic plants,Browsing herbivore,Demersal,Day,rock,2,Girella,zebra,Girella zebra,Actinopteri,NA,Kyphosidae,Girella,Teleostei,NA,Metazoa,Centrarchiformes,Chordata,Girella zebra,Neopterygii,Girellinae,NA,NA,Craniata,NA,Actinopterygii,Terapontoidei,Eukaryota,NA,NA
Gobiidae sp.,NA,NA,NA,NA,NA,NA,Gobiidae,,Gobiidae ,Actinopteri,NA,Gobiidae,NA,Teleostei,NA,Metazoa,Gobiiformes,Chordata,NA,Neopterygii,NA,NA,Gobioidei,Craniata,NA,Actinopterygii,NA,Eukaryota,NA,NA
Gobiosoma sp.,NA,NA,NA,NA,NA,3.2,Gobiosoma,,Gobiosoma ,Actinopteri,NA,Gobiidae,Gobiosoma,Teleostei,NA,Metazoa,Gobiiformes,Chordata,NA,Neopterygii,Gobiinae,NA,Gobioidei,Craniata,NA,Actinopterygii,NA,Eukaryota,NA,NA
Gobiosoma bosc,NA,NA,NA,NA,NA,3.2,Gobiosoma,bosc,Gobiosoma bosc,Actinopteri,NA,Gobiidae,Gobiosoma,Teleostei,NA,Metazoa,Gobiiformes,Chordata,Gobiosoma bosc,Neopterygii,Gobiinae,NA,Gobioidei,Craniata,NA,Actinopterygii,NA,Eukaryota,NA,NA
Gobiosoma bosci,NA,NA,NA,NA,NA,NA,Gobiosoma,bosci,Gobiosoma bosci,Actinopteri,NA,Gobiidae,Gobiosoma,Teleostei,NA,Metazoa,Gobiiformes,Chordata,Gobiosoma bosc,Neopterygii,Gobiinae,NA,Gobioidei,Craniata,NA,Actinopterygii,NA,Eukaryota,NA,NA
Gobius sp.,NA,NA,NA,NA,NA,NA,Gobius,,Gobius ,Actinopteri,NA,Gobiidae,Gobius,Teleostei,NA,Metazoa,Gobiiformes,Chordata,NA,Neopterygii,Gobiinae,NA,Gobioidei,Craniata,NA,Actinopterygii,NA,Eukaryota,NA,NA
Gobius geniporus,NA,NA,NA,NA,NA,3.33,Gobius,geniporus,Gobius geniporus,Actinopteri,NA,Gobiidae,Gobius,Teleostei,NA,Metazoa,Gobiiformes,Chordata,Gobius geniporus,Neopterygii,Gobiinae,NA,Gobioidei,Craniata,NA,Actinopterygii,NA,Eukaryota,NA,NA
Gobius niger,selective plankton feeding,NA,NA,NA,NA,3.31,Gobius,niger,Gobius niger,Actinopteri,NA,Gobiidae,Gobius,Teleostei,NA,Metazoa,Gobiiformes,Chordata,Gobius niger,Neopterygii,Gobiinae,NA,Gobioidei,Craniata,NA,Actinopterygii,NA,Eukaryota,NA,NA
Gobiusculus flavescens,selective plankton feeding,NA,NA,NA,NA,3.18,Gobiusculus,flavescens,Gobiusculus flavescens,Actinopteri,NA,Gobiidae,Gobiusculus,Teleostei,NA,Metazoa,Gobiiformes,Chordata,Gobiusculus flavescens,Neopterygii,Gobiinae,NA,Gobioidei,Craniata,NA,Actinopterygii,NA,Eukaryota,NA,NA
Gymnapistes marmoratus,hunting macrofauna (predator),NA,NA,NA,NA,3.28,Gymnapistes,marmoratus,Gymnapistes marmoratus,Actinopteri,NA,Tetrarogidae,Gymnapistes,Teleostei,NA,Metazoa,Perciformes,Chordata,Gymnapistes marmoratus,Neopterygii,NA,NA,Scorpaenoidei,Craniata,NA,Actinopterygii,NA,Eukaryota,NA,NA
Halichoeres semicinctus,hunting macrofauna (predator),NA,NA,NA,NA,3.26,Halichoeres,semicinctus,Halichoeres semicinctus,Actinopteri,NA,Labridae,Halichoeres,Teleostei,NA,Metazoa,Labriformes,Chordata,Halichoeres semicinctus,Neopterygii,NA,NA,NA,Craniata,NA,Actinopterygii,NA,Eukaryota,NA,NA
Harengula clupeola,selective plankton feeding,NA,NA,NA,NA,3.31,Harengula,clupeola,Harengula clupeola,Actinopteri,NA,Clupeidae,Harengula,Teleostei,NA,Metazoa,Clupeiformes,Chordata,Harengula clupeola,Neopterygii,Clupeinae,NA,Clupeoidei,Craniata,NA,Actinopterygii,NA,Eukaryota,NA,NA
Harengula jaguana,hunting macrofauna (predator),NA,NA,NA,NA,3.42,Harengula,jaguana,Harengula jaguana,Actinopteri,NA,Clupeidae,Harengula,Teleostei,NA,Metazoa,Clupeiformes,Chordata,Harengula jaguana,Neopterygii,Clupeinae,NA,Clupeoidei,Craniata,NA,Actinopterygii,NA,Eukaryota,NA,NA
Helotes sexlineatus,browsing on substrate,NA,NA,NA,NA,2,Helotes,sexlineatus,Helotes sexlineatus,Actinopteri,NA,Terapontidae,Pelates,Teleostei,NA,Metazoa,Centrarchiformes,Chordata,Pelates sexlineatus,Neopterygii,NA,NA,NA,Craniata,NA,Actinopterygii,Terapontoidei,Eukaryota,NA,NA
Hemilepidotus hemilepidotus,hunting macrofauna (predator),NA,NA,NA,NA,3.53,Hemilepidotus,hemilepidotus,Hemilepidotus hemilepidotus,Actinopteri,NA,Cottidae,Hemilepidotus,Teleostei,Cottales,Metazoa,Perciformes,Chordata,Hemilepidotus hemilepidotus,Neopterygii,NA,NA,Cottioidei,Craniata,NA,Actinopterygii,NA,Eukaryota,NA,NA
Hemiramphus robustus,NA,NA,NA,NA,NA,3.4,Hemiramphus,robustus,Hemiramphus robustus,Actinopteri,NA,Hemiramphidae ,Hemiramphus,Teleostei,NA,Metazoa,Beloniformes,Chordata,Hemiramphus robustus,NA,NA,NA,NA,Craniata,NA,Actinopterygii,NA,Eukaryota,NA,NA
Heteroclinus perspicillatus,hunting macrofauna (predator),NA,NA,NA,NA,3.45,Heteroclinus,perspicillatus,Heteroclinus perspicillatus,Actinopteri,NA,Clinidae,Heteroclinus,Teleostei,NA,Metazoa,Blenniiformes,Chordata,Heteroclinus perspicillatus,Neopterygii,NA,NA,Blennioidei,Craniata,NA,Actinopterygii,NA,Eukaryota,NA,NA
Heterostichus rostratus,hunting macrofauna (predator),NA,NA,NA,NA,3.89,Heterostichus,rostratus,Heterostichus rostratus,Actinopteri,NA,Clinidae,Heterostichus,Teleostei,NA,Metazoa,Blenniiformes,Chordata,Heterostichus rostratus,Neopterygii,NA,NA,Blennioidei,Craniata,NA,Actinopterygii,NA,Eukaryota,NA,NA
Hexagrammos agrammus,hunting macrofauna (predator),NA,NA,NA,NA,3.34,Hexagrammos,agrammus,Hexagrammos agrammus,Actinopteri,NA,Hexagrammidae,Hexagrammos,Teleostei,Hexagrammales,Metazoa,Perciformes,Chordata,Hexagrammos agrammus,Neopterygii,NA,NA,Cottioidei,Craniata,NA,Actinopterygii,NA,Eukaryota,NA,NA
Hexagrammos decagrammus,hunting macrofauna (predator),NA,NA,NA,NA,3.589999914,Hexagrammos,decagrammus,Hexagrammos decagrammus,Actinopteri,NA,Hexagrammidae,Hexagrammos,Teleostei,Hexagrammales,Metazoa,Perciformes,Chordata,Hexagrammos decagrammus,Neopterygii,NA,NA,Cottioidei,Craniata,NA,Actinopterygii,NA,Eukaryota,NA,NA
Hexagrammos lagocephalus,hunting macrofauna (predator),NA,NA,NA,NA,3.67,Hexagrammos,lagocephalus,Hexagrammos lagocephalus,Actinopteri,NA,Hexagrammidae,Hexagrammos,Teleostei,Hexagrammales,Metazoa,Perciformes,Chordata,Hexagrammos lagocephalus,Neopterygii,NA,NA,Cottioidei,Craniata,NA,Actinopterygii,NA,Eukaryota,NA,NA
Hexagrammos otakii,hunting macrofauna (predator),NA,NA,NA,NA,3.8,Hexagrammos,otakii,Hexagrammos otakii,Actinopteri,NA,Hexagrammidae,Hexagrammos,Teleostei,Hexagrammales,Metazoa,Perciformes,Chordata,Hexagrammos otakii,Neopterygii,NA,NA,Cottioidei,Craniata,NA,Actinopterygii,NA,Eukaryota,NA,NA
Hippichthys penicillus,NA,NA,NA,NA,NA,3.4,Hippichthys,penicillus,Hippichthys penicillus,Actinopteri,NA,Syngnathidae,Hippichthys,Teleostei,NA,Metazoa,Syngnathiformes,Chordata,Hippichthys penicillus,Neopterygii,Syngnathinae,NA,Syngnathoidei,Craniata,NA,Actinopterygii,NA,Eukaryota,NA,NA
Hippocampus sp.,NA,NA,NA,NA,NA,NA,Hippocampus,,Hippocampus ,Actinopteri,NA,Syngnathidae,Hippocampus,Teleostei,NA,Metazoa,Syngnathiformes,Chordata,NA,Neopterygii,Hippocampinae,NA,Syngnathoidei,Craniata,NA,Actinopterygii,NA,Eukaryota,NA,NA
Hippocampus procerus,NA,NA,NA,NA,NA,3.4,Hippocampus,procerus,Hippocampus procerus,Actinopteri,NA,Syngnathidae,Hippocampus,Teleostei,NA,Metazoa,Syngnathiformes,Chordata,Hippocampus procerus,Neopterygii,Hippocampinae,NA,Syngnathoidei,Craniata,NA,Actinopterygii,NA,Eukaryota,NA,NA
Hippocampus whitei,NA,Benthic invertivore,benthic,Day,rock,3.4,Hippocampus,whitei,Hippocampus whitei,Actinopteri,NA,Syngnathidae,Hippocampus,Teleostei,NA,Metazoa,Syngnathiformes,Chordata,Hippocampus whitei,Neopterygii,Hippocampinae,NA,Syngnathoidei,Craniata,NA,Actinopterygii,NA,Eukaryota,NA,NA
Hypomesus pretiosus,hunting macrofauna (predator),NA,NA,NA,NA,3.430000067,Hypomesus,pretiosus,Hypomesus pretiosus,Actinopteri,NA,Osmeridae,Hypomesus,Teleostei,NA,Metazoa,Osmeriformes,Chordata,Hypomesus pretiosus,Neopterygii,Hypomesinae,NA,NA,Craniata,NA,Actinopterygii,NA,Eukaryota,NA,NA
Hyporhamphus australis,grazing on aquatic plants,NA,NA,NA,NA,2.59,Hyporhamphus,australis,Hyporhamphus australis,Actinopteri,NA,Hemiramphidae,Hyporhamphus,Teleostei,NA,Metazoa,Beloniformes,Chordata,Hyporhamphus australis,Neopterygii,NA,NA,Belonoidei,Craniata,NA,Actinopterygii,NA,Eukaryota,Atherinomorphae,NA
Hyporhamphus regularis,grazing on aquatic plants,NA,NA,NA,NA,3.04,Hyporhamphus,regularis,Hyporhamphus regularis,Actinopteri,NA,Hemiramphidae,Hyporhamphus,Teleostei,NA,Metazoa,Beloniformes,Chordata,Hyporhamphus regularis,Neopterygii,NA,NA,Belonoidei,Craniata,NA,Actinopterygii,NA,Eukaryota,Atherinomorphae,NA
Hyporhamphus rosae,grazing on aquatic plants,NA,NA,NA,NA,3,Hyporhamphus,rosae,Hyporhamphus rosae,Actinopteri,NA,Hemiramphidae,Hyporhamphus,Teleostei,NA,Metazoa,Beloniformes,Chordata,Hyporhamphus rosae,Neopterygii,NA,NA,Belonoidei,Craniata,NA,Actinopterygii,NA,Eukaryota,Atherinomorphae,NA
Hyporhamphus sajori,selective plankton feeding,NA,NA,NA,NA,3.4,Hyporhamphus,sajori,Hyporhamphus sajori,Actinopteri,NA,Hemiramphidae,Hyporhamphus,Teleostei,NA,Metazoa,Beloniformes,Chordata,Hyporhamphus sajori,Neopterygii,NA,NA,Belonoidei,Craniata,NA,Actinopterygii,NA,Eukaryota,Atherinomorphae,NA
Hypsoblennius gentilis,NA,NA,NA,NA,NA,2.71,Hypsoblennius,gentilis,Hypsoblennius gentilis,Actinopteri,NA,Blenniidae,Hypsoblennius,Teleostei,NA,Metazoa,Blenniiformes,Chordata,Hypsoblennius gentilis,Neopterygii,Salariinae,NA,Blennioidei,Craniata,NA,Actinopterygii,NA,Eukaryota,NA,NA
Hypsoblennius sordidus,variable,NA,NA,NA,NA,2.76,Hypsoblennius,sordidus,Hypsoblennius sordidus,Actinopteri,NA,Blenniidae,Hypsoblennius,Teleostei,NA,Metazoa,Blenniiformes,Chordata,Hypsoblennius sordidus,Neopterygii,Salariinae,NA,Blennioidei,Craniata,NA,Actinopterygii,NA,Eukaryota,NA,NA
Hypsurus caryi,hunting macrofauna (predator),Benthic invertivore,pelagic site attached,Day,rock,3.3,Hypsurus,caryi,Hypsurus caryi,Actinopteri,NA,Embiotocidae,Hypsurus,Teleostei,NA,Metazoa,NA,Chordata,Hypsurus caryi,Neopterygii,NA,NA,NA,Craniata,NA,Actinopterygii,NA,Eukaryota,NA,NA
Ilypnus gilberti,NA,NA,NA,NA,NA,3.2,Ilypnus,gilberti,Ilypnus gilberti,Actinopteri,NA,Gobiidae,Ilypnus,Teleostei,NA,Metazoa,Gobiiformes,Chordata,Ilypnus gilberti,Neopterygii,Gobionellinae,NA,Gobioidei,Craniata,NA,Actinopterygii,NA,Eukaryota,NA,NA
Isacia conceptionis,NA,NA,NA,NA,NA,2.91,Isacia,conceptionis,Isacia conceptionis,Actinopteri,NA,Haemulidae,Isacia,Teleostei,NA,Metazoa,Lutjaniformes,Chordata,Isacia conceptionis,Neopterygii,NA,NA,NA,Craniata,NA,Actinopterygii,NA,Eukaryota,NA,NA
Konosirus punctatus,selective plankton feeding,NA,NA,NA,NA,2.87,Konosirus,punctatus,Konosirus punctatus,Actinopteri,NA,Clupeidae,Konosirus,Teleostei,NA,Metazoa,Clupeiformes,Chordata,Konosirus punctatus,Neopterygii,Dorosomatinae,NA,Clupeoidei,Craniata,NA,Actinopterygii,NA,Eukaryota,NA,NA
Labrus bergylta,hunting macrofauna (predator),NA,NA,NA,NA,3.2,Labrus,bergylta,Labrus bergylta,Actinopteri,NA,Labridae,Labrus,Teleostei,NA,Metazoa,Labriformes,Chordata,Labrus bergylta,Neopterygii,NA,NA,NA,Craniata,NA,Actinopterygii,NA,Eukaryota,NA,NA
Lactoria cornuta,hunting macrofauna (predator),Benthic invertivore,Demersal,Day,rock,3.5,Lactoria,cornuta,Lactoria cornuta,Actinopteri,NA,Ostraciidae,Lactoria,Teleostei,NA,Metazoa,Tetraodontiformes,Chordata,Lactoria cornuta,Neopterygii,NA,NA,NA,Craniata,NA,Actinopterygii,Ostracioidea,Eukaryota,NA,NA
Lagodon rhomboides,hunting macrofauna (predator),NA,NA,NA,NA,4.4,Lagodon,rhomboides,Lagodon rhomboides,Actinopteri,NA,Sparidae,Lagodon,Teleostei,NA,Metazoa,Spariformes,Chordata,Lagodon rhomboides,Neopterygii,NA,NA,NA,Craniata,NA,Actinopterygii,NA,Eukaryota,NA,NA
Lateolabrax japonicus,hunting macrofauna (predator),NA,NA,NA,NA,3.36,Lateolabrax,japonicus,Lateolabrax japonicus,Actinopteri,NA,Lateolabracidae,Lateolabrax,Teleostei,NA,Metazoa,Pempheriformes,Chordata,Lateolabrax japonicus,Neopterygii,NA,NA,NA,Craniata,NA,Actinopterygii,NA,Eukaryota,NA,NA
Leiostomus xanthurus,hunting macrofauna (predator),NA,NA,NA,NA,3.23,Leiostomus,xanthurus,Leiostomus xanthurus,Actinopteri,NA,Sciaenidae,Leiostomus,Teleostei,NA,Metazoa,NA,Chordata,Leiostomus xanthurus,Neopterygii,NA,NA,NA,Craniata,NA,Actinopterygii,NA,Eukaryota,NA,NA
Lepidogobius lepidus,NA,NA,NA,NA,NA,3.3,Lepidogobius,lepidus,Lepidogobius lepidus,Actinopteri,NA,Gobiidae,Lepidogobius,Teleostei,NA,Metazoa,Gobiiformes,Chordata,Lepidogobius lepidus,Neopterygii,Gobionellinae,NA,Gobioidei,Craniata,NA,Actinopterygii,NA,Eukaryota,NA,NA
Lepidopsetta sp.,NA,NA,NA,NA,NA,NA,Lepidopsetta,,Lepidopsetta ,Actinopteri,NA,Pleuronectidae,Lepidopsetta,Teleostei,NA,Metazoa,Pleuronectiformes,Chordata,NA,Neopterygii,NA,NA,Pleuronectoidei,Craniata,NA,Actinopterygii,NA,Eukaryota,NA,NA
Leptocottus armatus,variable,NA,NA,NA,NA,3.68,Leptocottus,armatus,Leptocottus armatus,Actinopteri,NA,Cottidae,Leptocottus,Teleostei,Cottales,Metazoa,Perciformes,Chordata,Leptocottus armatus,Neopterygii,NA,NA,Cottioidei,Craniata,NA,Actinopterygii,NA,Eukaryota,NA,NA
Lethrinus genivittatus,hunting macrofauna (predator),NA,NA,NA,NA,3.67,Lethrinus,genivittatus,Lethrinus genivittatus,Actinopteri,NA,Lethrinidae,Lethrinus,Teleostei,NA,Metazoa,Spariformes,Chordata,Lethrinus genivittatus,Neopterygii,Lethrininae,NA,NA,Craniata,NA,Actinopterygii,NA,Eukaryota,NA,NA
Lethrinus laticaudis,hunting macrofauna (predator),NA,NA,NA,NA,4.46,Lethrinus,laticaudis,Lethrinus laticaudis,Actinopteri,NA,Lethrinidae,Lethrinus,Teleostei,NA,Metazoa,Spariformes,Chordata,Lethrinus laticaudis,Neopterygii,Lethrininae,NA,NA,Craniata,NA,Actinopterygii,NA,Eukaryota,NA,NA
Limanda aspera,hunting macrofauna (predator),NA,NA,NA,NA,3.49,Limanda,aspera,Limanda aspera,Actinopteri,NA,Pleuronectidae,Limanda,Teleostei,NA,Metazoa,Pleuronectiformes,Chordata,Limanda aspera,Neopterygii,NA,NA,Pleuronectoidei,Craniata,NA,Actinopterygii,NA,Eukaryota,NA,NA
Limanda limanda,hunting macrofauna (predator),NA,NA,NA,NA,3.39,Limanda,limanda,Limanda limanda,Actinopteri,NA,Pleuronectidae,Limanda,Teleostei,NA,Metazoa,Pleuronectiformes,Chordata,Limanda limanda,Neopterygii,NA,NA,Pleuronectoidei,Craniata,NA,Actinopterygii,NA,Eukaryota,NA,NA
Liparis sp.,NA,NA,NA,NA,NA,NA,Liparis,,Liparis ,Actinopteri,NA,Liparidae,Liparis,Teleostei,Cottales,Metazoa,Perciformes,Chordata,NA,Neopterygii,NA,NA,Cottioidei,Craniata,NA,Actinopterygii,NA,Eukaryota,NA,NA
Liza sp.,NA,NA,NA,NA,NA,NA,Liza,,Liza ,Actinopteri,NA,Mugilidae,Liza,Teleostei,NA,Metazoa,Mugiliformes,Chordata,NA,Neopterygii,NA,NA,NA,Craniata,NA,Actinopterygii,NA,Eukaryota,NA,NA
Liza argentea,grazing on aquatic plants,NA,NA,NA,NA,2.89,Liza,argentea,Liza argentea,Actinopteri,NA,Mugilidae,Gracilimugil,Teleostei,NA,Metazoa,Mugiliformes,Chordata,Gracilimugil argenteus,Neopterygii,NA,NA,NA,Craniata,NA,Actinopterygii,NA,Eukaryota,NA,NA
Liza aurata,variable,NA,NA,NA,NA,2.84,Liza,aurata,Liza aurata,Actinopteri,NA,Mugilidae,Liza,Teleostei,NA,Metazoa,Mugiliformes,Chordata,Liza aurata,Neopterygii,NA,NA,NA,Craniata,NA,Actinopterygii,NA,Eukaryota,NA,NA
Lutjanus griseus,hunting macrofauna (predator),NA,NA,NA,NA,4.23,Lutjanus,griseus,Lutjanus griseus,Actinopteri,NA,Lutjanidae,Lutjanus,Teleostei,NA,Metazoa,Lutjaniformes,Chordata,Lutjanus griseus,Neopterygii,Lutjaninae,NA,NA,Craniata,NA,Actinopterygii,NA,Eukaryota,NA,NA
Lutjanus russellii,hunting macrofauna (predator),NA,NA,NA,NA,4.1,Lutjanus,russellii,Lutjanus russellii,Actinopteri,NA,Lutjanidae,Lutjanus,Teleostei,NA,Metazoa,Lutjaniformes,Chordata,Lutjanus russellii,Neopterygii,Lutjaninae,NA,NA,Craniata,NA,Actinopterygii,NA,Eukaryota,NA,NA
Mallotus villosus,selective plankton feeding,NA,NA,NA,NA,3.15,Mallotus,villosus,Mallotus villosus,Actinopteri,NA,Salangidae,Mallotus,Teleostei,NA,Metazoa,Osmeriformes,Chordata,Mallotus villosus,Neopterygii,NA,NA,NA,Craniata,NA,Actinopterygii,NA,Eukaryota,NA,NA
Menidia beryllina,hunting macrofauna (predator),NA,NA,NA,NA,3.2,Menidia,beryllina,Menidia beryllina,Actinopteri,NA,Atherinopsidae,Menidia,Teleostei,NA,Metazoa,Atheriniformes,Chordata,Menidia beryllina,Neopterygii,Menidiinae,NA,NA,Craniata,NA,Actinopterygii,NA,Eukaryota,Atherinomorphae,NA
Menidia menidia,hunting macrofauna (predator),NA,NA,NA,NA,3.19,Menidia,menidia,Menidia menidia,Actinopteri,NA,Atherinopsidae,Menidia,Teleostei,NA,Metazoa,Atheriniformes,Chordata,Menidia menidia,Neopterygii,Menidiinae,NA,NA,Craniata,NA,Actinopterygii,NA,Eukaryota,Atherinomorphae,NA
Menticirrhus ophicephalus,hunting macrofauna (predator),NA,NA,NA,NA,3.36,Menticirrhus,ophicephalus,Menticirrhus ophicephalus,Actinopteri,NA,Channidae,Channa,Teleostei,NA,Metazoa,Anabantiformes,Chordata,NA,Neopterygii,NA,NA,Channoidei,Craniata,NA,Actinopterygii,NA,Eukaryota,NA,NA
Merlangius merlangus,hunting macrofauna (predator),NA,NA,NA,NA,4.36,Merlangius,merlangus,Merlangius merlangus,Actinopteri,NA,Gadidae,Merlangius,Teleostei,NA,Metazoa,Gadiformes,Chordata,Merlangius merlangus,Neopterygii,NA,NA,Gadoidei,Craniata,NA,Actinopterygii,NA,Eukaryota,NA,NA
Meuschenia trachylepis,NA,NA,NA,NA,NA,NA,Meuschenia,trachylepis,Meuschenia trachylepis,Actinopteri,NA,Monacanthidae,Meuschenia,Teleostei,NA,Metazoa,Tetraodontiformes,Chordata,Meuschenia trachylepis,Neopterygii,NA,NA,NA,Craniata,NA,Actinopterygii,Balistoidea,Eukaryota,NA,NA
Micrometrus minimus,variable,NA,NA,NA,NA,2.78,Micrometrus,minimus,Micrometrus minimus,Actinopteri,NA,Embiotocidae,Micrometrus,Teleostei,NA,Metazoa,NA,Chordata,Micrometrus minimus,Neopterygii,NA,NA,NA,Craniata,NA,Actinopterygii,NA,Eukaryota,NA,NA
Monacanthus chinensis,grazing on aquatic plants,NA,NA,NA,NA,2.36,Monacanthus,chinensis,Monacanthus chinensis,Actinopteri,NA,Monacanthidae,Monacanthus,Teleostei,NA,Metazoa,Tetraodontiformes,Chordata,Monacanthus chinensis,Neopterygii,NA,NA,NA,Craniata,NA,Actinopterygii,Balistoidea,Eukaryota,NA,NA
Monodactylus argenteus,variable,NA,NA,NA,NA,2.95,Monodactylus,argenteus,Monodactylus argenteus,Actinopteri,NA,Monodactylidae,Monodactylus,Teleostei,NA,Metazoa,NA,Chordata,Monodactylus argenteus,Neopterygii,NA,NA,NA,Craniata,NA,Actinopterygii,NA,Eukaryota,NA,NA
Mugil cephalus,variable,NA,NA,NA,NA,2.48,Mugil,cephalus,Mugil cephalus,Actinopteri,NA,Mugilidae,Mugil,Teleostei,NA,Metazoa,Mugiliformes,Chordata,Mugil cephalus,Neopterygii,NA,NA,NA,Craniata,NA,Actinopterygii,NA,Eukaryota,NA,NA
Mugil curema,grazing on aquatic plants,NA,NA,NA,NA,2.01,Mugil,curema,Mugil curema,Actinopteri,NA,Mugilidae,Mugil,Teleostei,NA,Metazoa,Mugiliformes,Chordata,Mugil curema,Neopterygii,NA,NA,NA,Craniata,NA,Actinopterygii,NA,Eukaryota,NA,NA
Mullus barbatus,NA,NA,NA,NA,NA,3.1,Mullus,barbatus,Mullus barbatus,Actinopteri,NA,Mullidae,Mullus,Teleostei,NA,Metazoa,Syngnathiformes,Chordata,Mullus barbatus,Neopterygii,NA,NA,Mulloidea,Craniata,NA,Actinopterygii,NA,Eukaryota,NA,NA
Myoxocephalus aenaeus,hunting macrofauna (predator),NA,NA,NA,NA,3.74,Myoxocephalus,aenaeus,Myoxocephalus aenaeus,Actinopteri,NA,Cottidae,Myoxocephalus,Teleostei,Cottales,Metazoa,Perciformes,Chordata,Myoxocephalus aenaeus,Neopterygii,NA,NA,Cottioidei,Craniata,NA,Actinopterygii,NA,Eukaryota,NA,NA
Myoxocephalus polyacanthocephalus,hunting macrofauna (predator),NA,NA,NA,NA,3.76,Myoxocephalus,polyacanthocephalus,Myoxocephalus polyacanthocephalus,Actinopteri,NA,Cottidae,Myoxocephalus,Teleostei,Cottales,Metazoa,Perciformes,Chordata,Myoxocephalus polyacanthocephalus,Neopterygii,NA,NA,Cottioidei,Craniata,NA,Actinopterygii,NA,Eukaryota,NA,NA
Nautichthys oculofasciatus,hunting macrofauna (predator),NA,NA,NA,NA,4.05,Nautichthys,oculofasciatus,Nautichthys oculofasciatus,Actinopteri,NA,Agonidae,Nautichthys,Teleostei,Cottales,Metazoa,Perciformes,Chordata,Nautichthys oculofasciatus,Neopterygii,Hemitripterinae,NA,Cottioidei,Craniata,NA,Actinopterygii,NA,Eukaryota,NA,NA
Nesogobius maccullochi,NA,NA,NA,NA,NA,NA,Nesogobius,maccullochi,Nesogobius maccullochi,Actinopteri,NA,Gobiidae,Nesogobius,Teleostei,NA,Metazoa,Gobiiformes,Chordata,Nesogobius maccullochi,Neopterygii,Gobionellinae,NA,Gobioidei,Craniata,NA,Actinopterygii,NA,Eukaryota,NA,NA
Aphanius fasciatus,grazing on aquatic plants,NA,NA,NA,NA,2.66,Aphanius,fasciatus,Aphanius fasciatus,Actinopteri,NA,Cyprinodontidae,Aphanius,Teleostei,NA,Metazoa,Cyprinodontiformes,Chordata,Aphanius fasciatus,NA,Cyprinodontinae,NA,Cyprinodontoidei,Craniata,NA,Actinopterygii,NA,Eukaryota,Atherinomorphae,NA
Odontesthes sp.,NA,NA,NA,NA,NA,NA,Odontesthes,,Odontesthes ,Actinopteri,NA,Atherinopsidae,Odontesthes,Teleostei,NA,Metazoa,Atheriniformes,Chordata,NA,Neopterygii,Atherinopsinae,NA,NA,Craniata,NA,Actinopterygii,NA,Eukaryota,Atherinomorphae,NA
Oligocottus maculosus,NA,NA,NA,NA,NA,3.38,Oligocottus,maculosus,Oligocottus maculosus,Actinopteri,NA,Cottidae,Oligocottus,Teleostei,Cottales,Metazoa,Perciformes,Chordata,Oligocottus maculosus,Neopterygii,NA,NA,Cottioidei,Craniata,NA,Actinopterygii,NA,Eukaryota,NA,NA
Oligoplites saliens,NA,NA,NA,NA,NA,3.83,Oligoplites,saliens,Oligoplites saliens,Actinopteri,NA,Carangidae,Oligoplites,Teleostei,NA,Metazoa,Carangiformes,Chordata,Oligoplites saliens,Neopterygii,NA,NA,NA,Craniata,NA,Actinopterygii,NA,Eukaryota,NA,NA
Oncorhynchus tshawytscha,hunting macrofauna (predator),NA,NA,NA,NA,4.4,Oncorhynchus,tshawytscha,Oncorhynchus tshawytscha,Actinopteri,NA,Salmonidae,Oncorhynchus,Teleostei,NA,Metazoa,Salmoniformes,Chordata,Oncorhynchus tshawytscha,Neopterygii,Salmoninae,NA,NA,Craniata,NA,Actinopterygii,NA,Eukaryota,NA,NA
Opsanus tau,hunting macrofauna (predator),NA,NA,NA,NA,3.84,Opsanus,tau,Opsanus tau,Actinopteri,NA,Batrachoididae,Opsanus,Teleostei,NA,Metazoa,Batrachoidiformes,Chordata,Opsanus tau,Neopterygii,Batrachoidinae,NA,NA,Craniata,NA,Actinopterygii,NA,Eukaryota,NA,NA
Orthopristis chrysoptera,hunting macrofauna (predator),NA,NA,NA,NA,3.42,Orthopristis,chrysoptera,Orthopristis chrysoptera,Actinopteri,NA,Haemulidae,Orthopristis,Teleostei,NA,Metazoa,Lutjaniformes,Chordata,Orthopristis chrysoptera,Neopterygii,NA,NA,NA,Craniata,NA,Actinopterygii,NA,Eukaryota,NA,NA
Parajulis poecilopterus,NA,NA,NA,NA,NA,3.6,Parajulis,poecilopterus,Parajulis poecilopterus,Actinopteri,NA,Labridae,Parajulis,Teleostei,NA,Metazoa,Perciformes,Chordata,Parajulis poecilopterus,Neopterygii,NA,NA,Labroidei,Craniata,NA,Actinopterygii,NA,Eukaryota,NA,NA
Paralabrax clathratus,hunting macrofauna (predator),NA,NA,NA,NA,3.93,Paralabrax,clathratus,Paralabrax clathratus,Actinopteri,NA,Serranidae,Paralabrax,Teleostei,NA,Metazoa,Perciformes,Chordata,Paralabrax clathratus,Neopterygii,Serraninae,NA,Serranoidei,Craniata,NA,Actinopterygii,NA,Eukaryota,NA,NA
Paralabrax maculatofasciatus,hunting macrofauna (predator),NA,NA,NA,NA,4.2,Paralabrax,maculatofasciatus,Paralabrax maculatofasciatus,Actinopteri,NA,Serranidae,Paralabrax,Teleostei,NA,Metazoa,Perciformes,Chordata,Paralabrax maculatofasciatus,Neopterygii,Serraninae,NA,Serranoidei,Craniata,NA,Actinopterygii,NA,Eukaryota,NA,NA
Paralabrax nebulifer,hunting macrofauna (predator),NA,NA,NA,NA,3.53,Paralabrax,nebulifer,Paralabrax nebulifer,Actinopteri,NA,Serranidae,Paralabrax,Teleostei,NA,Metazoa,Perciformes,Chordata,Paralabrax nebulifer,Neopterygii,Serraninae,NA,Serranoidei,Craniata,NA,Actinopterygii,NA,Eukaryota,NA,NA
Paralichthys sp.,NA,NA,NA,NA,NA,NA,Paralichthys,,Paralichthys ,Actinopteri,NA,Paralichthyidae,Paralichthys,Teleostei,NA,Metazoa,Pleuronectiformes,Chordata,NA,Neopterygii,NA,NA,Pleuronectoidei,Craniata,NA,Actinopterygii,NA,Eukaryota,NA,NA
Paralichthys albigutta,NA,NA,NA,NA,NA,4.2,Paralichthys,albigutta,Paralichthys albigutta,Actinopteri,NA,Paralichthyidae,Paralichthys,Teleostei,NA,Metazoa,Pleuronectiformes,Chordata,Paralichthys albigutta,Neopterygii,NA,NA,Pleuronectoidei,Craniata,NA,Actinopterygii,NA,Eukaryota,NA,NA
Paralichthys californicus,hunting macrofauna (predator),NA,NA,NA,NA,4.5,Paralichthys,californicus,Paralichthys californicus,Actinopteri,NA,Paralichthyidae,Paralichthys,Teleostei,NA,Metazoa,Pleuronectiformes,Chordata,Paralichthys californicus,Neopterygii,NA,NA,Pleuronectoidei,Craniata,NA,Actinopterygii,NA,Eukaryota,NA,NA
Paralichthys microps,NA,NA,NA,NA,NA,4.2,Paralichthys,microps,Paralichthys microps,NA,NA,NA,NA,NA,NA,NA,NA,NA,NA,NA,NA,NA,NA,NA,NA,NA,NA,NA,NA,NA
Parophrys vetulus,hunting macrofauna (predator),NA,NA,NA,NA,3.39,Parophrys,vetulus,Parophrys vetulus,Actinopteri,NA,Pleuronectidae,Parophrys,Teleostei,NA,Metazoa,Pleuronectiformes,Chordata,Parophrys vetulus,Neopterygii,NA,NA,Pleuronectoidei,Craniata,NA,Actinopterygii,NA,Eukaryota,NA,NA
Pelates quadrilineatus,hunting macrofauna (predator),Benthic invertivore,Demersal,Day,sand,3.5,Pelates,quadrilineatus,Pelates quadrilineatus,Actinopteri,NA,Terapontidae,Pelates,Teleostei,NA,Metazoa,Centrarchiformes,Chordata,Pelates quadrilineatus,Neopterygii,NA,NA,NA,Craniata,NA,Actinopterygii,Terapontoidei,Eukaryota,NA,NA
Pelates sexlineatus,NA,NA,NA,NA,NA,NA,Pelates,sexlineatus,Pelates sexlineatus,Actinopteri,NA,Terapontidae,Pelates,Teleostei,NA,Metazoa,Centrarchiformes,Chordata,Pelates sexlineatus,Neopterygii,NA,NA,NA,Craniata,NA,Actinopterygii,Terapontoidei,Eukaryota,NA,NA
Petroscirtes lupus,NA,NA,NA,NA,NA,NA,Petroscirtes,lupus,Petroscirtes lupus,Actinopteri,NA,Blenniidae,Petroscirtes,Teleostei,NA,Metazoa,Blenniiformes,Chordata,Petroscirtes lupus,Neopterygii,Blenniinae,NA,Blennioidei,Craniata,NA,Actinopterygii,NA,Eukaryota,NA,NA
Petroscirtes variabilis,hunting macrofauna (predator),NA,NA,NA,NA,3.1,Petroscirtes,variabilis,Petroscirtes variabilis,Actinopteri,NA,Blenniidae,Petroscirtes,Teleostei,NA,Metazoa,Blenniiformes,Chordata,Petroscirtes variabilis,Neopterygii,Blenniinae,NA,Blennioidei,Craniata,NA,Actinopterygii,NA,Eukaryota,NA,NA
Phanerodon furcatus,NA,NA,NA,NA,NA,3.3,Phanerodon,furcatus,Phanerodon furcatus,Actinopteri,NA,Embiotocidae,Phanerodon,Teleostei,NA,Metazoa,NA,Chordata,Phanerodon furcatus,Neopterygii,NA,NA,NA,Craniata,NA,Actinopterygii,NA,Eukaryota,NA,NA
Philypnodon grandiceps,hunting macrofauna (predator),NA,NA,NA,NA,3.75,Philypnodon,grandiceps,Philypnodon grandiceps,Actinopteri,NA,Eleotridae,Philypnodon,Teleostei,NA,Metazoa,Gobiiformes,Chordata,Philypnodon grandiceps,Neopterygii,Eleotrinae,NA,Eleotroidei,Craniata,NA,Actinopterygii,NA,Eukaryota,NA,NA
Pholis sp.,NA,NA,NA,NA,NA,NA,Pholis,,Pholis ,Actinopteri,NA,Pholidae,Pholis,Teleostei,Zoarcales,Metazoa,Perciformes,Chordata,NA,Neopterygii,Pholinae,NA,Cottioidei,Craniata,NA,Actinopterygii,NA,Eukaryota,NA,NA
Pholis fangi,NA,NA,NA,NA,NA,3.3,Pholis,fangi,Pholis fangi,Actinopteri,NA,Pholidae,Pholis,Teleostei,Zoarcales,Metazoa,Perciformes,Chordata,Pholis fangi,Neopterygii,Pholinae,NA,Cottioidei,Craniata,NA,Actinopterygii,NA,Eukaryota,NA,NA
Pholis gunnellus,NA,NA,NA,NA,NA,3.54,Pholis,gunnellus,Pholis gunnellus,Actinopteri,NA,Pholidae,Pholis,Teleostei,Zoarcales,Metazoa,Perciformes,Chordata,Pholis gunnellus,Neopterygii,Pholinae,NA,Cottioidei,Craniata,NA,Actinopterygii,NA,Eukaryota,NA,NA
Pholis laeta,hunting macrofauna (predator),NA,NA,NA,NA,3.27,Pholis,laeta,Pholis laeta,Actinopteri,NA,Pholidae,Pholis,Teleostei,Zoarcales,Metazoa,Perciformes,Chordata,Pholis laeta,Neopterygii,Pholinae,NA,Cottioidei,Craniata,NA,Actinopterygii,NA,Eukaryota,NA,NA
Pholis ornata,hunting macrofauna (predator),NA,NA,NA,NA,3.55,Pholis,ornata,Pholis ornata,Actinopteri,NA,Pholidae,Pholis,Teleostei,Zoarcales,Metazoa,Perciformes,Chordata,Pholis ornata,Neopterygii,Pholinae,NA,Cottioidei,Craniata,NA,Actinopterygii,NA,Eukaryota,NA,NA
Platichthys stellatus,hunting macrofauna (predator),NA,NA,NA,NA,3.58,Platichthys,stellatus,Platichthys stellatus,Actinopteri,NA,Pleuronectidae,Platichthys,Teleostei,NA,Metazoa,Pleuronectiformes,Chordata,Platichthys stellatus,Neopterygii,NA,NA,Pleuronectoidei,Craniata,NA,Actinopterygii,NA,Eukaryota,NA,NA
Platycephalidae sp.,NA,NA,NA,NA,NA,NA,Platycephalidae,,Platycephalidae ,Actinopteri,NA,Platycephalidae,NA,Teleostei,NA,Metazoa,Perciformes,Chordata,NA,Neopterygii,NA,NA,Platycephaloidei,Craniata,NA,Actinopterygii,NA,Eukaryota,NA,NA
Platycephalus aurimaculatus,NA,NA,NA,NA,NA,3.9,Platycephalus,aurimaculatus,Platycephalus aurimaculatus,Actinopteri,NA,Platycephalidae,Platycephalus,Teleostei,NA,Metazoa,Perciformes,Chordata,Platycephalus aurimaculatus,Neopterygii,NA,NA,Platycephaloidei,Craniata,NA,Actinopterygii,NA,Eukaryota,NA,NA
Platycephalus fuscus,hunting macrofauna (predator),NA,NA,NA,NA,4.06,Platycephalus,fuscus,Platycephalus fuscus,Actinopteri,NA,Platycephalidae,Platycephalus,Teleostei,NA,Metazoa,Perciformes,Chordata,Platycephalus fuscus,Neopterygii,NA,NA,Platycephaloidei,Craniata,NA,Actinopterygii,NA,Eukaryota,NA,NA
Pleuronectes platessa,hunting macrofauna (predator),NA,NA,NA,NA,3.23,Pleuronectes,platessa,Pleuronectes platessa,Actinopteri,NA,Pleuronectidae,Pleuronectes,Teleostei,NA,Metazoa,Pleuronectiformes,Chordata,Pleuronectes platessa,Neopterygii,NA,NA,Pleuronectoidei,Craniata,NA,Actinopterygii,NA,Eukaryota,NA,NA
Pollachius pollachius,hunting macrofauna (predator),NA,NA,NA,NA,4.32,Pollachius,pollachius,Pollachius pollachius,Actinopteri,NA,Gadidae,Pollachius,Teleostei,NA,Metazoa,Gadiformes,Chordata,Pollachius pollachius,Neopterygii,NA,NA,Gadoidei,Craniata,NA,Actinopterygii,NA,Eukaryota,NA,NA
Pollachius virens,hunting macrofauna (predator),NA,NA,NA,NA,4.31,Pollachius,virens,Pollachius virens,Actinopteri,NA,Gadidae,Pollachius,Teleostei,NA,Metazoa,Gadiformes,Chordata,Pollachius virens,Neopterygii,NA,NA,Gadoidei,Craniata,NA,Actinopterygii,NA,Eukaryota,NA,NA
Pomatoschistus sp.,NA,NA,NA,NA,NA,NA,Pomatoschistus,,Pomatoschistus ,Actinopteri,NA,Gobiidae,Pomatoschistus,Teleostei,NA,Metazoa,Gobiiformes,Chordata,NA,Neopterygii,Gobiinae,NA,Gobioidei,Craniata,NA,Actinopterygii,NA,Eukaryota,NA,NA
Pomatoschistus marmoratus,hunting macrofauna (predator),NA,NA,NA,NA,3.35,Pomatoschistus,marmoratus,Pomatoschistus marmoratus,Actinopteri,NA,Gobiidae,Pomatoschistus,Teleostei,NA,Metazoa,Gobiiformes,Chordata,Pomatoschistus marmoratus,Neopterygii,Gobiinae,NA,Gobioidei,Craniata,NA,Actinopterygii,NA,Eukaryota,NA,NA
Pomatoschistus minutus,hunting macrofauna (predator),NA,NA,NA,NA,3.22,Pomatoschistus,minutus,Pomatoschistus minutus,Actinopteri,NA,Gobiidae,Pomatoschistus,Teleostei,NA,Metazoa,Gobiiformes,Chordata,Pomatoschistus minutus,Neopterygii,Gobiinae,NA,Gobioidei,Craniata,NA,Actinopterygii,NA,Eukaryota,NA,NA
Porocottus leptosomus,NA,NA,NA,NA,NA,3.2,Porocottus,leptosomus,Porocottus leptosomus,Actinopteri,NA,Cottidae,Porocottus,Teleostei,Cottales,Metazoa,Perciformes,Chordata,Porocottus leptosomus,Neopterygii,NA,NA,Cottioidei,Craniata,NA,Actinopterygii,NA,Eukaryota,NA,NA
Prionotus punctatus,hunting macrofauna (predator),NA,NA,NA,NA,3.77,Prionotus,punctatus,Prionotus punctatus,Actinopteri,NA,Triglidae,Prionotus,Teleostei,NA,Metazoa,Perciformes,Chordata,Prionotus punctatus,Neopterygii,NA,NA,Triglioidei,Craniata,NA,Actinopterygii,NA,Eukaryota,NA,NA
Psettichthys melanostictus,hunting macrofauna (predator),NA,NA,NA,NA,4.06,Psettichthys,melanostictus,Psettichthys melanostictus,Actinopteri,NA,Pleuronectidae,Psettichthys,Teleostei,NA,Metazoa,Pleuronectiformes,Chordata,Psettichthys melanostictus,Neopterygii,NA,NA,Pleuronectoidei,Craniata,NA,Actinopterygii,NA,Eukaryota,NA,NA
Pseudoblennius cottoides,hunting macrofauna (predator),NA,NA,NA,NA,4.28,Pseudoblennius,cottoides,Pseudoblennius cottoides,Actinopteri,NA,Cottidae,Pseudoblennius,Teleostei,Cottales,Metazoa,Perciformes,Chordata,Pseudoblennius cottoides,Neopterygii,NA,NA,Cottioidei,Craniata,NA,Actinopterygii,NA,Eukaryota,NA,NA
Pseudolabrus guentheri,hunting macrofauna (predator),Benthic invertivore,Demersal,Day,rock,3.5,Pseudolabrus,guentheri,Pseudolabrus guentheri,Actinopteri,NA,Labridae,Pseudolabrus,Teleostei,NA,Metazoa,Labriformes,Chordata,Pseudolabrus guentheri,Neopterygii,NA,NA,NA,Craniata,NA,Actinopterygii,NA,Eukaryota,NA,NA
Pseudomugil signifer,NA,NA,NA,NA,NA,2.86,Pseudomugil,signifer,Pseudomugil signifer,Actinopteri,NA,Pseudomugilidae,Pseudomugil,Teleostei,NA,Metazoa,Atheriniformes,Chordata,Pseudomugil signifer,Neopterygii,NA,NA,NA,Craniata,NA,Actinopterygii,NA,Eukaryota,Atherinomorphae,NA
Pseudopleuronectes americanus,hunting macrofauna (predator),NA,NA,NA,NA,3.62,Pseudopleuronectes,americanus,Pseudopleuronectes americanus,Actinopteri,NA,Pleuronectidae,Pseudopleuronectes,Teleostei,NA,Metazoa,Pleuronectiformes,Chordata,Pseudopleuronectes americanus,Neopterygii,NA,NA,Pleuronectoidei,Craniata,NA,Actinopterygii,NA,Eukaryota,NA,NA
Pseudorhombus arsius,hunting macrofauna (predator),NA,NA,NA,NA,4.16,Pseudorhombus,arsius,Pseudorhombus arsius,Actinopteri,NA,Paralichthyidae,Pseudorhombus,Teleostei,NA,Metazoa,Pleuronectiformes,Chordata,Pseudorhombus arsius,Neopterygii,NA,NA,Pleuronectoidei,Craniata,NA,Actinopterygii,NA,Eukaryota,NA,NA
Pterogobius elapoides,NA,NA,NA,NA,NA,2.97,Pterogobius,elapoides,Pterogobius elapoides,Actinopteri,NA,Gobiidae,Pterogobius,Teleostei,NA,Metazoa,Gobiiformes,Chordata,Pterogobius elapoides,Neopterygii,Gobionellinae,NA,Gobioidei,Craniata,NA,Actinopterygii,NA,Eukaryota,NA,NA
Pungitius pungitius,hunting macrofauna (predator),NA,NA,NA,NA,3.32,Pungitius,pungitius,Pungitius pungitius,Actinopteri,NA,Gasterosteidae,Pungitius,Teleostei,Gasterosteales,Metazoa,Perciformes,Chordata,Pungitius pungitius,Neopterygii,NA,NA,Cottioidei,Craniata,NA,Actinopterygii,NA,Eukaryota,NA,NA
Repomucenus lunatus,NA,NA,NA,NA,NA,3.3,Repomucenus,lunatus,Repomucenus lunatus,Actinopteri,NA,Callionymidae,Repomucenus,Teleostei,NA,Metazoa,Syngnathiformes,Chordata,Repomucenus lunatus,Neopterygii,NA,NA,Callionymoidei,Craniata,NA,Actinopterygii,NA,Eukaryota,NA,NA
Repomucenus macdonaldi,NA,NA,NA,NA,NA,3.2,Repomucenus,macdonaldi,Repomucenus macdonaldi,Actinopteri,NA,Callionymidae,Repomucenus,Teleostei,NA,Metazoa,Syngnathiformes,Chordata,Repomucenus macdonaldi,Neopterygii,NA,NA,Callionymoidei,Craniata,NA,Actinopterygii,NA,Eukaryota,NA,NA
Rhacochilus toxotes,hunting macrofauna (predator),Benthic invertivore,pelagic site attached,Day,rock,3.4,Rhacochilus,toxotes,Rhacochilus toxotes,Actinopteri,NA,Embiotocidae,Rhacochilus,Teleostei,NA,Metazoa,NA,Chordata,Rhacochilus toxotes,Neopterygii,NA,NA,NA,Craniata,NA,Actinopterygii,NA,Eukaryota,NA,NA
Rhacochilus vacca,hunting macrofauna (predator),NA,NA,NA,NA,3.38,Rhacochilus,vacca,Rhacochilus vacca,Actinopteri,NA,Embiotocidae,Rhacochilus,Teleostei,NA,Metazoa,NA,Chordata,Rhacochilus vacca,Neopterygii,NA,NA,NA,Craniata,NA,Actinopterygii,NA,Eukaryota,NA,NA
Rhinobatos productus,hunting macrofauna (predator),NA,NA,NA,NA,3.59,Rhinobatos,productus,Rhinobatos productus,Chondrichthyes,NA,Rhinobatidae,Rhinobatos,NA,NA,Metazoa,Pristiformes/Rhiniformes group,Chordata,Rhinobatos productus,Elasmobranchii,Rhinobatinae,NA,NA,Craniata,NA,NA,NA,Eukaryota,Batoidea,NA
Rhombosolea tapirina,NA,NA,NA,NA,NA,NA,Rhombosolea,tapirina,Rhombosolea tapirina,Actinopteri,NA,Rhombosoleidae,Rhombosolea,Teleostei,NA,Metazoa,Pleuronectiformes,Chordata,Rhombosolea tapirina,Neopterygii,NA,NA,Pleuronectoidei,Craniata,NA,Actinopterygii,NA,Eukaryota,NA,NA
Rudarius ercodes,NA,NA,NA,NA,NA,3.12,Rudarius,ercodes,Rudarius ercodes,Actinopteri,NA,Monacanthidae,Rudarius,Teleostei,NA,Metazoa,Tetraodontiformes,Chordata,Rudarius ercodes,Neopterygii,NA,NA,NA,Craniata,NA,Actinopterygii,Balistoidea,Eukaryota,NA,NA
Salaria pavo,variable,NA,NA,NA,NA,3.59,Salaria,pavo,Salaria pavo,Actinopteri,NA,Blenniidae,Salaria,Teleostei,NA,Metazoa,Blenniiformes,Chordata,Salaria pavo,Neopterygii,Salariinae,NA,Blennioidei,Craniata,NA,Actinopterygii,NA,Eukaryota,NA,NA
Sardinella aurita,selective plankton feeding,Planktivore,pelagic non-site attached,Day,sand,3.4,Sardinella,aurita,Sardinella aurita,Actinopteri,NA,Clupeidae,Sardinella,Teleostei,NA,Metazoa,Clupeiformes,Chordata,Sardinella aurita,Neopterygii,Clupeinae,NA,Clupeoidei,Craniata,NA,Actinopterygii,NA,Eukaryota,NA,NA
Sardinella brasiliensis,selective plankton feeding,NA,NA,NA,NA,3.1,Sardinella,brasiliensis,Sardinella brasiliensis,Actinopteri,NA,Clupeidae,Sardinella,Teleostei,NA,Metazoa,Clupeiformes,Chordata,Sardinella brasiliensis,Neopterygii,Clupeinae,NA,Clupeoidei,Craniata,NA,Actinopterygii,NA,Eukaryota,NA,NA
Sardinops sagax,selective plankton feeding,NA,NA,NA,NA,2.84,Sardinops,sagax,Sardinops sagax,Actinopteri,NA,Clupeidae,Sardinops,Teleostei,NA,Metazoa,Clupeiformes,Chordata,Sardinops sagax,Neopterygii,Clupeinae,NA,Clupeoidei,Craniata,NA,Actinopterygii,NA,Eukaryota,NA,NA
Saurida nebulosa,hunting macrofauna (predator),Higher carnivore,benthic,Day,coral,4.2,Saurida,nebulosa,Saurida nebulosa,Actinopteri,NA,Synodontidae,Saurida,Teleostei,NA,Metazoa,Aulopiformes,Chordata,Saurida nebulosa,Neopterygii,Harpadontinae,NA,Aulopoidei,Craniata,NA,Actinopterygii,NA,Eukaryota,NA,NA
Scartichthys viridis,grazing on aquatic plants,NA,NA,NA,NA,2.19,Scartichthys,viridis,Scartichthys viridis,Actinopteri,NA,Blenniidae,Scartichthys,Teleostei,NA,Metazoa,Blenniiformes,Chordata,Scartichthys viridis,Neopterygii,Salariinae,NA,Blennioidei,Craniata,NA,Actinopterygii,NA,Eukaryota,NA,NA
Scarus ghobban,browsing on substrate,Scraping herbivore,Demersal,Day,coral,2,Scarus,ghobban,Scarus ghobban,Actinopteri,NA,Labridae,Scarus,Teleostei,NA,Metazoa,Labriformes,Chordata,Scarus ghobban,Neopterygii,NA,NA,NA,Craniata,NA,Actinopterygii,NA,Eukaryota,NA,NA
Sciaenops ocellatus,hunting macrofauna (predator),NA,NA,NA,NA,3.74,Sciaenops,ocellatus,Sciaenops ocellatus,Actinopteri,NA,Sciaenidae,Sciaenops,Teleostei,NA,Metazoa,NA,Chordata,Sciaenops ocellatus,Neopterygii,NA,NA,NA,Craniata,NA,Actinopterygii,NA,Eukaryota,NA,NA
Scorpaenichthys marmoratus,variable,NA,NA,NA,NA,3.619999886,Scorpaenichthys,marmoratus,Scorpaenichthys marmoratus,Actinopteri,NA,Cottidae,Scorpaenichthys,Teleostei,Cottales,Metazoa,Perciformes,Chordata,Scorpaenichthys marmoratus,Neopterygii,NA,NA,Cottioidei,Craniata,NA,Actinopterygii,NA,Eukaryota,NA,NA
sculpin sp.,NA,NA,NA,NA,NA,NA,sculpin,,sculpin,Actinopteri,NA,NA,NA,Teleostei,NA,Metazoa,Scorpaeniformes,Chordata,NA,NA,NA,NA,Cottoidei,Craniata,NA,Actinopterygii,Cottoidea,Eukaryota,NA,NA
Sebastes spp.,NA,NA,NA,NA,NA,NA,Sebastes,,Sebastes ,Actinopteri,NA,Sebastidae,Sebastes,Teleostei,NA,Metazoa,Perciformes,Chordata,NA,Neopterygii,Sebastinae,NA,Scorpaenoidei,Craniata,NA,Actinopterygii,NA,Eukaryota,NA,NA
Sebastes caurinus,hunting macrofauna (predator),NA,NA,NA,NA,4.06,Sebastes,caurinus,Sebastes caurinus,Actinopteri,NA,Sebastidae,Sebastes,Teleostei,NA,Metazoa,Perciformes,Chordata,Sebastes caurinus,Neopterygii,Sebastinae,NA,Scorpaenoidei,Craniata,NA,Actinopterygii,NA,Eukaryota,NA,NA
Sebastes pachycephalus,NA,NA,NA,NA,NA,3.7,Sebastes,pachycephalus,Sebastes pachycephalus,Actinopteri,NA,Sebastidae,Sebastes,Teleostei,NA,Metazoa,Perciformes,Chordata,Sebastes pachycephalus,Neopterygii,Sebastinae,NA,Scorpaenoidei,Craniata,NA,Actinopterygii,NA,Eukaryota,NA,NA
Sebastiscus marmoratus,NA,NA,NA,NA,NA,3.7,Sebastiscus,marmoratus,Sebastiscus marmoratus,Actinopteri,NA,Sebastidae,Sebastiscus,Teleostei,NA,Metazoa,Perciformes,Chordata,Sebastiscus marmoratus,Neopterygii,Sebastinae,NA,Scorpaenoidei,Craniata,NA,Actinopterygii,NA,Eukaryota,NA,NA
Siganus canaliculatus,grazing on aquatic plants,NA,NA,NA,NA,2.75999999,Siganus,canaliculatus,Siganus canaliculatus,Actinopteri,NA,Siganidae,Siganus,Teleostei,NA,Metazoa,NA,Chordata,Siganus canaliculatus,Neopterygii,NA,NA,NA,Craniata,NA,Actinopterygii,NA,Eukaryota,NA,NA
Siganus fuscescens,grazing on aquatic plants,NA,NA,NA,NA,2.279999971,Siganus,fuscescens,Siganus fuscescens,Actinopteri,NA,Siganidae,Siganus,Teleostei,NA,Metazoa,NA,Chordata,Siganus fuscescens,Neopterygii,NA,NA,NA,Craniata,NA,Actinopterygii,NA,Eukaryota,NA,NA
Siganus lineatus,grazing on aquatic plants,Browsing herbivore,Demersal,Day,coral,2,Siganus,lineatus,Siganus lineatus,Actinopteri,NA,Siganidae,Siganus,Teleostei,NA,Metazoa,NA,Chordata,Siganus lineatus,Neopterygii,NA,NA,NA,Craniata,NA,Actinopterygii,NA,Eukaryota,NA,NA
Sillago sp.,NA,NA,NA,NA,NA,NA,Sillago,,Sillago ,Actinopteri,NA,Sillaginidae,Sillago,Teleostei,NA,Metazoa,NA,Chordata,NA,Neopterygii,NA,NA,NA,Craniata,NA,Actinopterygii,NA,Eukaryota,NA,NA
Sillago ciliata,hunting macrofauna (predator),NA,NA,NA,NA,3.24,Sillago,ciliata,Sillago ciliata,Actinopteri,NA,Sillaginidae,Sillago,Teleostei,NA,Metazoa,NA,Chordata,Sillago ciliata,Neopterygii,NA,NA,NA,Craniata,NA,Actinopterygii,NA,Eukaryota,NA,NA
Sillago maculata,hunting macrofauna (predator),NA,NA,NA,NA,3.31,Sillago,maculata,Sillago maculata,Actinopteri,NA,Sillaginidae,Sillago,Teleostei,NA,Metazoa,NA,Chordata,Sillago maculata,Neopterygii,NA,NA,NA,Craniata,NA,Actinopterygii,NA,Eukaryota,NA,NA
Solea solea,hunting macrofauna (predator),NA,NA,NA,NA,3.21,Solea,solea,Solea solea,Actinopteri,NA,Soleidae,Solea,Teleostei,NA,Metazoa,Pleuronectiformes,Chordata,Solea solea,Neopterygii,NA,NA,Pleuronectoidei,Craniata,NA,Actinopterygii,NA,Eukaryota,NA,NA
Sparus sp.,NA,NA,NA,NA,NA,NA,Sparus,,Sparus ,Actinopteri,NA,Sparidae,Sparus,Teleostei,NA,Metazoa,Spariformes,Chordata,NA,Neopterygii,NA,NA,NA,Craniata,NA,Actinopterygii,NA,Eukaryota,NA,NA
Sphyraena borealis,NA,NA,NA,NA,NA,4.1,Sphyraena,borealis,Sphyraena borealis,Actinopteri,NA,Sphyraenidae,Sphyraena,Teleostei,NA,Metazoa,NA,Chordata,Sphyraena borealis,Neopterygii,NA,NA,NA,Craniata,NA,Actinopterygii,NA,Eukaryota,NA,NA
Sphyraena obtusata,hunting macrofauna (predator),Higher carnivore,pelagic non-site attached,Day,coral,4.5,Sphyraena,obtusata,Sphyraena obtusata,Actinopteri,NA,Sphyraenidae,Sphyraena,Teleostei,NA,Metazoa,NA,Chordata,Sphyraena obtusata,Neopterygii,NA,NA,NA,Craniata,NA,Actinopterygii,NA,Eukaryota,NA,NA
Spinachia spinachia,hunting macrofauna (predator),planktivore,benthic,Day,rock,3.5,Spinachia,spinachia,Spinachia spinachia,Actinopteri,NA,Gasterosteidae,Spinachia,Teleostei,Gasterosteales,Metazoa,Perciformes,Chordata,Spinachia spinachia,Neopterygii,NA,NA,Cottioidei,Craniata,NA,Actinopterygii,NA,Eukaryota,NA,NA
Sprattus sprattus,selective plankton feeding,NA,NA,NA,NA,3.01,Sprattus,sprattus,Sprattus sprattus,Actinopteri,NA,Clupeidae,Sprattus,Teleostei,NA,Metazoa,Clupeiformes,Chordata,Sprattus sprattus,Neopterygii,Clupeinae,NA,Clupeoidei,Craniata,NA,Actinopterygii,NA,Eukaryota,NA,NA
Stephanolepis hispidus,grazing on aquatic plants,NA,NA,NA,NA,2.56,Stephanolepis,hispidus,Stephanolepis hispidus,Actinopteri,NA,Monacanthidae,Stephanolepis,Teleostei,NA,Metazoa,Tetraodontiformes,Chordata,Stephanolepis hispidus,Neopterygii,NA,NA,NA,Craniata,NA,Actinopterygii,Balistoidea,Eukaryota,NA,NA
Stigmatopora argus,NA,NA,NA,NA,NA,NA,Stigmatopora,argus,Stigmatopora argus,Actinopteri,NA,Syngnathidae,Stigmatopora,Teleostei,NA,Metazoa,Syngnathiformes,Chordata,Stigmatopora argus,Neopterygii,Syngnathinae,NA,Syngnathoidei,Craniata,NA,Actinopterygii,NA,Eukaryota,NA,NA
Strongylura exilis,hunting macrofauna (predator),NA,NA,NA,NA,4.5,Strongylura,exilis,Strongylura exilis,Actinopteri,NA,Belonidae,Strongylura,Teleostei,NA,Metazoa,Beloniformes,Chordata,Strongylura exilis,Neopterygii,NA,NA,Belonoidei,Craniata,NA,Actinopterygii,NA,Eukaryota,Atherinomorphae,NA
Strongylura marina,hunting macrofauna (predator),NA,NA,NA,NA,3,Strongylura,marina,Strongylura marina,Actinopteri,NA,Belonidae,Strongylura,Teleostei,NA,Metazoa,Beloniformes,Chordata,Strongylura marina,Neopterygii,NA,NA,Belonoidei,Craniata,NA,Actinopterygii,NA,Eukaryota,Atherinomorphae,NA
Symphodus melops,hunting macrofauna (predator),NA,NA,NA,NA,3.38,Symphodus,melops,Symphodus melops,Actinopteri,NA,Labridae,Symphodus,Teleostei,NA,Metazoa,Labriformes,Chordata,Symphodus melops,Neopterygii,NA,NA,NA,Craniata,NA,Actinopterygii,NA,Eukaryota,NA,NA
Symphodus ocellatus,variable,NA,NA,NA,NA,3.48,Symphodus,ocellatus,Symphodus ocellatus,Actinopteri,NA,Labridae,Symphodus,Teleostei,NA,Metazoa,Labriformes,Chordata,Symphodus ocellatus,Neopterygii,NA,NA,NA,Craniata,NA,Actinopterygii,NA,Eukaryota,NA,NA
Symphodus tinca,hunting macrofauna (predator),NA,NA,NA,NA,3.25,Symphodus,tinca,Symphodus tinca,Actinopteri,NA,Labridae,Symphodus,Teleostei,NA,Metazoa,Labriformes,Chordata,Symphodus tinca,Neopterygii,NA,NA,NA,Craniata,NA,Actinopterygii,NA,Eukaryota,NA,NA
Syngnathus sp.,NA,NA,NA,NA,NA,NA,Syngnathus,,Syngnathus ,Actinopteri,NA,Syngnathidae,Syngnathus,Teleostei,NA,Metazoa,Syngnathiformes,Chordata,NA,Neopterygii,Syngnathinae,NA,Syngnathoidei,Craniata,NA,Actinopterygii,NA,Eukaryota,NA,NA
Syngnathus abaster,selective plankton feeding,NA,NA,NA,NA,3.2,Syngnathus,abaster,Syngnathus abaster,Actinopteri,NA,Syngnathidae,Syngnathus,Teleostei,NA,Metazoa,Syngnathiformes,Chordata,Syngnathus abaster,Neopterygii,Syngnathinae,NA,Syngnathoidei,Craniata,NA,Actinopterygii,NA,Eukaryota,NA,NA
Syngnathus acus,hunting macrofauna (predator),NA,NA,NA,NA,3.33,Syngnathus,acus,Syngnathus acus,Actinopteri,NA,Syngnathidae,Syngnathus,Teleostei,NA,Metazoa,Syngnathiformes,Chordata,Syngnathus acus,Neopterygii,Syngnathinae,NA,Syngnathoidei,Craniata,NA,Actinopterygii,NA,Eukaryota,NA,NA
Syngnathus floridae,hunting macrofauna (predator),NA,NA,NA,NA,3.32,Syngnathus,floridae,Syngnathus floridae,Actinopteri,NA,Syngnathidae,Syngnathus,Teleostei,NA,Metazoa,Syngnathiformes,Chordata,Syngnathus floridae,Neopterygii,Syngnathinae,NA,Syngnathoidei,Craniata,NA,Actinopterygii,NA,Eukaryota,NA,NA
Syngnathus leptorhynchus,hunting macrofauna (predator),NA,NA,NA,NA,3.24000001,Syngnathus,leptorhynchus,Syngnathus leptorhynchus,Actinopteri,NA,Syngnathidae,Syngnathus,Teleostei,NA,Metazoa,Syngnathiformes,Chordata,Syngnathus leptorhynchus,Neopterygii,Syngnathinae,NA,Syngnathoidei,Craniata,NA,Actinopterygii,NA,Eukaryota,NA,NA
Syngnathus leptorhynchus ,NA,NA,NA,NA,NA,NA,Syngnathus,leptorhynchus ,Syngnathus leptorhynchus ,Actinopteri,NA,Syngnathidae,Syngnathus,Teleostei,NA,Metazoa,Syngnathiformes,Chordata,Syngnathus leptorhynchus,Neopterygii,Syngnathinae,NA,Syngnathoidei,Craniata,NA,Actinopterygii,NA,Eukaryota,NA,NA
Syngnathus typhle,selective plankton feeding,NA,NA,NA,NA,4.31,Syngnathus,typhle,Syngnathus typhle,Actinopteri,NA,Syngnathidae,Syngnathus,Teleostei,NA,Metazoa,Syngnathiformes,Chordata,Syngnathus typhle,Neopterygii,Syngnathinae,NA,Syngnathoidei,Craniata,NA,Actinopterygii,NA,Eukaryota,NA,NA
Synodus foetens,hunting macrofauna (predator),NA,NA,NA,NA,4.5,Synodus,foetens,Synodus foetens,Actinopteri,NA,Synodontidae,Synodus,Teleostei,NA,Metazoa,Aulopiformes,Chordata,Synodus foetens,Neopterygii,Synodontinae,NA,Aulopoidei,Craniata,NA,Actinopterygii,NA,Eukaryota,NA,NA
Synodus myops,hunting macrofauna (predator),NA,NA,NA,NA,4.39,Synodus,myops,Synodus myops,Actinopteri,NA,Synodontidae,Trachinocephalus,Teleostei,NA,Metazoa,Aulopiformes,Chordata,Trachinocephalus myops,Neopterygii,Synodontinae,NA,Aulopoidei,Craniata,NA,Actinopterygii,NA,Eukaryota,NA,NA
Takifugu niphobles,NA,NA,NA,NA,NA,3.26,Takifugu,niphobles,Takifugu niphobles,Actinopteri,NA,Tetraodontidae,Takifugu,Teleostei,NA,Metazoa,Tetraodontiformes,Chordata,Takifugu alboplumbeus,Neopterygii,NA,NA,Tetraodontoidei,Craniata,NA,Actinopterygii,Tetradontoidea,Eukaryota,NA,NA
Taurulus bubalis,hunting macrofauna (predator),NA,NA,NA,NA,3.59,Taurulus,bubalis,Taurulus bubalis,Actinopteri,NA,Cottidae,Taurulus,Teleostei,Cottales,Metazoa,Perciformes,Chordata,Taurulus bubalis,Neopterygii,NA,NA,Cottioidei,Craniata,NA,Actinopterygii,NA,Eukaryota,NA,NA
Tetractenos glaber,NA,NA,NA,NA,NA,NA,Tetractenos,glaber,Tetractenos glaber,Actinopteri,NA,Tetraodontidae,Tetractenos,Teleostei,NA,Metazoa,Tetraodontiformes,Chordata,Tetractenos glaber,Neopterygii,NA,NA,Tetraodontoidei,Craniata,NA,Actinopterygii,Tetradontoidea,Eukaryota,NA,NA
Tetractenos hamiltoni,NA,NA,NA,NA,NA,NA,Tetractenos,hamiltoni,Tetractenos hamiltoni,Actinopteri,NA,Tetraodontidae,Tetractenos,Teleostei,NA,Metazoa,Tetraodontiformes,Chordata,Tetractenos hamiltoni,Neopterygii,NA,NA,Tetraodontoidei,Craniata,NA,Actinopterygii,Tetradontoidea,Eukaryota,NA,NA
Torquigener sp.,NA,NA,NA,NA,NA,NA,Torquigener,,Torquigener ,Actinopteri,NA,Tetraodontidae,Torquigener,Teleostei,NA,Metazoa,Tetraodontiformes,Chordata,NA,Neopterygii,NA,NA,Tetraodontoidei,Craniata,NA,Actinopterygii,Tetradontoidea,Eukaryota,NA,NA
Umbrina roncador,hunting macrofauna (predator),NA,NA,NA,NA,3.49,Umbrina,roncador,Umbrina roncador,Actinopteri,NA,Sciaenidae,Umbrina,Teleostei,NA,Metazoa,NA,Chordata,Umbrina roncador,Neopterygii,NA,NA,NA,Craniata,NA,Actinopterygii,NA,Eukaryota,NA,NA
Upeneus tragula,hunting macrofauna (predator),NA,NA,NA,NA,3.59,Upeneus,tragula,Upeneus tragula,Actinopteri,NA,Mullidae,Upeneus,Teleostei,NA,Metazoa,Syngnathiformes,Chordata,Upeneus tragula,Neopterygii,NA,NA,Mulloidea,Craniata,NA,Actinopterygii,NA,Eukaryota,NA,NA
Urocampus carinirostris,NA,NA,NA,NA,NA,3.02,Urocampus,carinirostris,Urocampus carinirostris,Actinopteri,NA,Syngnathidae,Urocampus,Teleostei,NA,Metazoa,Syngnathiformes,Chordata,Urocampus carinirostris,Neopterygii,Syngnathinae,NA,Syngnathoidei,Craniata,NA,Actinopterygii,NA,Eukaryota,NA,NA
Urophycis regia,hunting macrofauna (predator),NA,NA,NA,NA,4.42,Urophycis,regia,Urophycis regia,Actinopteri,NA,Phycidae,Urophycis,Teleostei,NA,Metazoa,Gadiformes,Chordata,Urophycis regia,Neopterygii,NA,NA,Gadoidei,Craniata,NA,Actinopterygii,NA,Eukaryota,NA,NA
Xiphister atropurpureus,variable,NA,NA,NA,NA,2.49,Xiphister,atropurpureus,Xiphister atropurpureus,Actinopteri,NA,Stichaeidae,Xiphister,Teleostei,Zoarcales,Metazoa,Perciformes,Chordata,Xiphister atropurpureus,Neopterygii,Xiphisterinae,NA,Cottioidei,Craniata,NA,Actinopterygii,NA,Eukaryota,NA,NA
Zosterisessor ophiocephalus,hunting macrofauna (predator),NA,NA,NA,NA,3.16,Zosterisessor,ophiocephalus,Zosterisessor ophiocephalus,Actinopteri,NA,Gobiidae,Zosterisessor,Teleostei,NA,Metazoa,Gobiiformes,Chordata,Zosterisessor ophiocephalus,Neopterygii,Gobiinae,NA,Gobioidei,Craniata,NA,Actinopterygii,NA,Eukaryota,NA,NA
