sciName,family,act,food,asp,tl,feed,troph,watercol,clim,body,snoutx,snouty,name
Abudefduf saxatilis,Pomacentridae,active,2.76,1.53883,555,variable,omnivore,demersal,tropical,short and / or deep,54,234,Abudsaxa
Acanthaluteres spilomelanurus,Monacanthidae,active,nan,1.9078,554.5,variable,omnivore,demersal,subtropical,short and / or deep,nan,nan,Acanspil
Acanthogobius flavimanus,Gobiidae,ambush,3.07,0.7004875,593,hunting macrofauna (predator),benthic invertivore,benthic,subtropical;temperate,fusiform / normal,20,186,Acanflav
Acanthopagrus australis,Sparidae,active,3.1,1.50486,484,hunting macrofauna (predator),benthic invertivore,demersal,subtropical,fusiform / normal,60,195,Acanaust
Acanthurus coeruleus,Acanthuridae,active,2,3.48929,514,browsing on substrate,browsing herbivore,demersal,tropical,short and / or deep,57,279,Acancoer
Acanthurus sp.,Acanthuridae,active,,,,browsing on substrate,browsing herbivore,demersal,tropical,short and / or deep,,,Acansp
Acropoma japonicum,Acropomatidae,ambush,3.26,1.90447,569,selective plankton feeding,benthic invertivore;planktivore,pelagic non-site attached,tropical,fusiform / normal,58,192,Acrojapo
Albula vulpes,Albulidae,active,3.66,2.409305,575,hunting macrofauna (predator),benthic invertivore;higher carnivore,demersal,tropical,fusiform / normal,34,130,Albuvulp
Aldrichetta forsteri,Mugilidae,active,2.51,1.99305,602,variable,omnivore,demersal,subtropical,fusiform / normal,nan,nan,Aldrfors
Aluterus scriptus,Monacanthidae,active,3.02,0.864597,558,variable,omnivore,demersal;pelagic site attached,tropical,short and / or deep,42,218,Alutscri
Ambassis jacksoniensis,Ambassidae,ambush,3.1,nan,nan,selective plankton feeding,planktivore,demersal,subtropical,fusiform / normal,nan,nan,Ambajack
Ambassis marianus,Ambassidae,ambush,nan,nan,nan,selective plankton feeding,planktivore,demersal,subtropical,fusiform / normal,nan,nan,Ambamari
Ambassis sp.,Ambassidae,ambush,,,,selective plankton feeding,planktivore,demersal,subtropical,fusiform / normal,,,Ambasp
Amblygobius sp.,Gobiidae,ambush,,,,variable,omnivore,benthic,subtropical;temperate;tropical,elongated;fusiform / normal,,,Amblsp
Ammodytes americanus,Ammodytidae,ambush,3.33,nan,nan,selective plankton feeding,planktivore,pelagic site attached,temperate,elongated,nan,nan,Ammoamer
Ammodytes hexapterus,Ammodytidae,ambush,3.28,1.35361,577,selective plankton feeding,planktivore,pelagic site attached,polar,elongated,30,83,Ammohexa
Ammodytes tobianus,Ammodytidae,ambush,3.16,1.0739385,559.5,selective plankton feeding,planktivore,pelagic site attached,temperate,elongated,51,263,Ammotobi
Anchoa delicatissima,Engraulidae,active,nan,1.93524,577,filtering plankton,planktivore,pelagic non-site attached,subtropical;temperate,elongated,27,210,Anchdeli
Anchoa mitchilli,Engraulidae,active,3.46,3.39229,613,filtering plankton,planktivore,pelagic non-site attached,tropical,elongated,13,134,Anchmitc
Anisotremus virginicus,Haemulidae,active,3.44,1.77369,595.5,hunting macrofauna (predator),benthic invertivore;higher carnivore,demersal,tropical,short and / or deep,nan,nan,Anisvirg
Apeltes quadracus,Gasterosteidae,active,3.23,1.34716,597,variable,benthic invertivore,demersal,temperate,elongated;fusiform / normal,nan,nan,Apelquad
Aphanius fasciatus,Cyprinodontidae,active,2.66,1.10763,546,grazing on aquatic plants,omnivore,demersal,subtropical,fusiform / normal,nan,nan,Aphafasc
Aplysia californica,Aplysiidae,active,,,,grazing on aquatic plants,scraping herbivore,benthic,subtropical,elongated,,,Aplycali
Apodichthys flavidus,Pholidae,active,3.55,nan,nan,browsing on substrate,omnivore,benthic,boreal;subtropical;temperate,eel-like,nan,nan,Apodflav
Archosargus probatocephalus,Sparidae,active,3.53,1.44066,564,hunting macrofauna (predator),benthic invertivore,benthic,tropical,fusiform / normal,nan,nan,Archprob
Arenaeus cribrarius,Portunidae,active,3.69,,,variable,omnivore,benthic,tropical,crab,,,Arencrib
Arenigobius bifrenatus,Gobiidae,ambush,nan,0.742595,593,hunting macrofauna (predator),benthic invertivore,benthic,subtropical,elongated,25,101,Arenbifr
Ariopsis felis,Ariidae,active,4.5,1.87561,579,hunting macrofauna (predator),omnivore,benthic,tropical,elongated,nan,nan,Ariofeli
Arothron hispidus,Tetraodontidae,active,3.099999905,1.64032,581,browsing on substrate,benthic invertivore,demersal,tropical,short and / or deep,nan,nan,Arothisp
Arothron sp.,Tetraodontidae,active,,,,browsing on substrate;hunting macrofauna (predator),benthic invertivore;higher carnivore,demersal,subtropical;temperate;tropical,fusiform / normal;short and / or deep,,,Arotsp
Arothron stellatus,Tetraodontidae,active,nan,1.33897,590,hunting macrofauna (predator),benthic invertivore,demersal,tropical,short and / or deep,nan,nan,Arotstel
Arrhamphus sclerolepis,Hemiramphidae,active,nan,2.39161,609,variable,omnivore,pelagic site attached,tropical,elongated,nan,nan,Arrhscle
Artedius harringtoni,Cottidae,ambush,3.41,1.12915,587,hunting macrofauna (predator),benthic invertivore,benthic,boreal;subtropical;temperate,elongated,nan,nan,Arteharr
Artedius lateralis,Cottidae,ambush,3.061,1.23792,438,hunting macrofauna (predator),higher carnivore,benthic,polar,elongated,nan,nan,Artelate
Atherina boyeri,Atherinidae,active,3.22,1.19972,527,hunting macrofauna (predator),benthic invertivore;planktivore,pelagic site attached,subtropical,elongated,nan,nan,Atheboye
Atherina hepsetus,Atherinidae,active,3.24,1.65517,580,hunting macrofauna (predator),benthic invertivore;planktivore,pelagic site attached,subtropical,elongated,33,109,Atheheps
Atherina presbyter,Atherinidae,active,3.67,1.48975,625,selective plankton feeding,planktivore,pelagic site attached,subtropical,elongated,14,103,Athepres
Atherinella brasiliensis,Atherinopsidae,active,3,1.39901,561,variable,benthic invertivore;planktivore,pelagic site attached,tropical,elongated,nan,nan,Athebras
Atherinomorus endrachtensis,Atherinidae,active,3.4,2.25735,558,selective plankton feeding,planktivore,pelagic site attached,tropical,elongated,nan,nan,Atheendr
Atherinomorus vaigiensis,Atherinidae,active,3.24000001,nan,nan,variable,benthic invertivore;planktivore,pelagic site attached,subtropical,elongated,nan,nan,Athevaig
Atherinops affinis,Atherinopsidae,active,2.76,1.24322,561,selective plankton feeding,planktivore,pelagic site attached,subtropical;temperate,elongated,nan,nan,Atheaffi
Atherinopsis californiensis,Atherinopsidae,active,2.33,1.78363,563,variable,planktivore,pelagic site attached,temperate,elongated,nan,nan,Athecali
Atherinosoma microstoma,Atherinidae,active,nan,nan,nan,selective plankton feeding,benthic invertivore;planktivore,pelagic site attached,subtropical,elongated,nan,nan,Athemicr
Aulorhynchus flavidus,Aulorhynchidae,ambush,3.390000105,1.1713,585,selective plankton feeding,benthic invertivore;planktivore,demersal;pelagic site attached,boreal;subtropical;temperate,elongated,nan,nan,Auloflav
Aulostomus chinensis,Aulostomidae,ambush,4.24,1.05018,548,hunting macrofauna (predator),higher carnivore,pelagic site attached,tropical,elongated,42,110,Aulochin
Bairdiella chrysoura,Sciaenidae,active,3.24,1.56165,570,hunting macrofauna (predator),benthic invertivore,demersal,tropical,fusiform / normal,43,157,Bairchry
Balistes vetula,Balistidae,active,3.339999914,2.785615,587.5,hunting macrofauna (predator),benthic invertivore,demersal,tropical,short and / or deep,32,199,Balivetu
Bathygobius soporator,Gobiidae,ambush,3.71,0.594677,599,hunting macrofauna (predator),omnivore,benthic,tropical,elongated,nan,nan,Bathsopo
Blepsias cirrhosus,Agonidae,ambush,nan,0.958516,434,hunting macrofauna (predator),benthic invertivore,benthic,boreal;subtropical;temperate,elongated,nan,nan,Blepcirr
Boops boops,Sparidae,active,3.11,0.973684,612,selective plankton feeding,omnivore,demersal,subtropical,fusiform / normal,nan,nan,Boopboop
Brachyistius frenatus,Embiotocidae,active,3.5,1.3816,592,hunting macrofauna (predator),benthic invertivore,demersal;pelagic site attached,boreal;subtropical;temperate,fusiform / normal,nan,nan,Bracfren
Caesio sp.,Lutjanidae,active,,,,hunting macrofauna (predator),benthic invertivore,demersal,tropical,fusiform / normal,,,Caessp
Callinectes arcuatus,Portunidae,active,3.6,,,hunting macrofauna (predator),benthic invertivore,benthic,subtropical,crab,,,Callarcu
Callinectes danae,Portunidae,active,3.63,,,hunting macrofauna (predator),benthic invertivore;higher carnivore,benthic,tropical,crab,,,Calldana
Callinectes ornatus,Portunidae,active,3.61,,,hunting macrofauna (predator),benthic invertivore;higher carnivore,benthic,tropical,crab,,,Callorna
Callinectes sapidus,Portunidae,active,3.35,,,variable,omnivore,benthic,subtropical;tropical,crab,,,Callsapi
Callionymus lyra,Callionymidae,ambush,3.27,0.546077,583,hunting macrofauna (predator),benthic invertivore,benthic,subtropical,elongated,30,266,Calllyra
Cancer coronatus,Cancridae,active,,,,hunting macrofauna (predator),benthic invertivore,benthic,boreal;subtropical;temperate,crab,,,Canccoro
Cancer irroratus,Cancridae,active,3.29,,,variable,omnivore,benthic,temperate,crab,,,Cancirro
Canthidermis sufflamen,Balistidae,active,3.48,2.59555,593,selective plankton feeding,benthic invertivore;planktivore,pelagic site attached,tropical,short and / or deep,24,207,Cantsuff
Carangoides fulvoguttatus,Carangidae,active,4.02,4.771755,544,hunting macrofauna (predator),benthic invertivore;higher carnivore,pelagic non-site attached,tropical,fusiform / normal,59,257,Carafulv
Caranx bartholomaei,Carangidae,active,,,,hunting macrofauna (predator),benthic invertivore;higher carnivore,pelagic non-site attached,tropical,fusiform / normal;short and / or deep,,,Carabart
Caranx latus,Carangidae,active,3.88,3.5336,591,hunting macrofauna (predator),benthic invertivore;higher carnivore,pelagic non-site attached,tropical,fusiform / normal,nan,nan,Caralatu
Caranx ruber,Carangidae,active,3.81,4.22826,622,hunting macrofauna (predator),benthic invertivore;higher carnivore,pelagic non-site attached,tropical,fusiform / normal,nan,nan,Cararube
Carcharhinus melanopterus,Carcharhinidae,active,4.33,1.542175,601.5,hunting macrofauna (predator),higher carnivore,pelagic non-site attached,tropical,fusiform / normal,20,159.5,Carcmela
Carcinus maenas,Carcinidae,active,,,,hunting macrofauna (predator),benthic invertivore,benthic,subtropical;temperate;tropical,crab,,,Carcmaen
Centropogon australis,Tetrarogidae,ambush,nan,1.5289,541,hunting macrofauna (predator),benthic invertivore,demersal,subtropical,fusiform / normal,nan,nan,Centaust
Chaetodon auriga,Chaetodontidae,active,3.130000114,2.4299,551,hunting macrofauna (predator),benthic invertivore,demersal,tropical,short and / or deep,15,246.5,Chaeauri
Chasmodes saburrae,Blenniidae,ambush,nan,nan,nan,hunting macrofauna (predator),omnivore,benthic,subtropical,elongated;fusiform / normal,nan,nan,Chassabu
Cheilio inermis,Labridae,active,3.49,0.9543075,596.5,variable,benthic invertivore;higher carnivore,demersal,tropical,elongated,16,73,Cheiiner
Cheilodactylus variegatus,Cheilodactylidae,active,3.35,2.03908,562,hunting macrofauna (predator),benthic invertivore,demersal,temperate,fusiform / normal,nan,nan,Cheivari
Chelidonichthys kumu,Triglidae,ambush,3.68,0.996329,558,hunting macrofauna (predator),benthic invertivore,benthic,subtropical,elongated,43,201,Chelkumu
Chilomycterus schoepfi,Diodontidae,active,,,,variable,benthic invertivore,demersal,tropical,short and / or deep,,,Chilscho
Chromis chromis,Pomacentridae,active,3.38,1.13384,468,hunting macrofauna (predator),omnivore,demersal,subtropical,fusiform / normal,nan,nan,Chrochro
Citharichthys sordidus,Paralichthyidae,ambush,3.3,1.50854,568,hunting macrofauna (predator),higher carnivore,benthic,polar,fusiform / normal,33,177,Cithsord
Citharichthys stigmaeus,Paralichthyidae,ambush,3.4,nan,nan,hunting macrofauna (predator),benthic invertivore,benthic,boreal;subtropical;temperate,short and / or deep,nan,nan,Cithstig
Clevelandia ios,Gobiidae,ambush,3.119999886,1.02392,587,variable,omnivore,benthic,subtropical,fusiform / normal,nan,nan,Clevios
Clupea harengus,Clupeidae,active,3.294999981,2.12862,559.6666667,variable,planktivore,pelagic non-site attached,temperate,fusiform / normal,41.33333333,147.6666667,Cluphare
Coris caudimacula,Labridae,active,3.38,1.17453,586,hunting macrofauna (predator),benthic invertivore;higher carnivore,demersal,tropical,fusiform / normal,nan,nan,Coricaud
Coris julis,Labridae,active,3.24000001,1.61389,553,hunting macrofauna (predator),benthic invertivore;higher carnivore,demersal,subtropical,fusiform / normal,32,216,Corijuli
Coris pictoides,Labridae,active,nan,1.43692,596,variable,benthic invertivore;higher carnivore,demersal,tropical,fusiform / normal,nan,nan,Coripict
Coris sp.,Labridae,active,,,,variable,benthic invertivore;higher carnivore,demersal,subtropical;temperate;tropical,elongated;fusiform / normal,,,Corisp
Cottoidea sp.,Cottidae,ambush,,,,hunting macrofauna (predator),higher carnivore,benthic,boreal;polar;subtropical;temperate,elongated;fusiform / normal,,,Cottsp
Cottus asper,Cottidae,ambush,3.61,0.876085,569,hunting macrofauna (predator),benthic invertivore;higher carnivore,benthic,boreal;temperate,elongated,nan,nan,Cottaspe
Cottus bairdi,Cottidae,ambush,,,,hunting macrofauna (predator),benthic invertivore;higher carnivore,benthic,boreal;polar;subtropical;temperate,elongated;fusiform / normal,,,Cottbair
Crangon crangon,Crangonidae,active,,,,hunting macrofauna (predator),benthic invertivore,benthic,boreal;subtropical;temperate,shrimp,,,Crancran
Crangon septemspinosa,Crangonidae,active,,,,hunting macrofauna (predator),benthic invertivore,benthic,boreal;subtropical;temperate,shrimp,,,Cransept
Crangon sp.,Crangonidae,active,,,,hunting macrofauna (predator),benthic invertivore,benthic,boreal;subtropical;temperate,shrimp,,,Cransp
Ctenogobius boleosoma,Gobiidae,ambush,3.25,0.42897,606,hunting macrofauna (predator),omnivore,benthic,tropical,fusiform / normal,nan,nan,Ctenbole
Ctenogobius sagittula,Gobiidae,ambush,nan,0.505296,592,variable,omnivore,benthic,tropical,elongated,21,147,Ctensagi
Culaea inconstans,Gasterosteidae,active,3.29,1.52301,540,variable,benthic invertivore;planktivore,demersal,temperate,fusiform / normal,nan,nan,Culainco
Cyclopterus lumpus,Cyclopteridae,active,3.64,0.727708,580,hunting macrofauna (predator),benthic invertivore;higher carnivore,demersal,temperate,short and / or deep,28,169,Cycllump
Cymatogaster aggregata,Embiotocidae,active,2.99,1.25039,584,hunting macrofauna (predator),benthic invertivore;planktivore,demersal;pelagic site attached,boreal;temperate,short and / or deep,nan,nan,Cymaaggr
Cynoscion arenarius,Sciaenidae,active,nan,1.1701,564,hunting macrofauna (predator),higher carnivore,demersal,tropical,fusiform / normal,nan,nan,Cynoaren
Cynoscion nebulosus,Sciaenidae,active,3.98,1.48035,595,hunting macrofauna (predator),higher carnivore,demersal,tropical,fusiform / normal,15,137,Cynonebu
Cyprinodon variegatus,Cyprinodontidae,active,nan,1.40865,530,grazing on aquatic plants,omnivore,demersal,tropical,short and / or deep,nan,nan,Cyprvari
Diagramma pictum,Haemulidae,active,3.39,1.4533598,595.8,hunting macrofauna (predator),benthic invertivore;higher carnivore,demersal,tropical,fusiform / normal,18.66666667,211.6666667,Diagpict
Dicentrarchus labrax,Moronidae,active,3.47,1.22321,621,hunting macrofauna (predator),higher carnivore,demersal,subtropical;temperate,fusiform / normal,17,76,Dicelabr
Diodon hystrix,Diodontidae,active,3.61,1.53265,558,variable,benthic invertivore,demersal,tropical,short and / or deep,nan,nan,Diodhyst
Diplodus annularis,Sparidae,active,3.21,1.58178,575,hunting macrofauna (predator),omnivore,demersal,subtropical,fusiform / normal,33,200,Diplannu
Diplodus holbrookii,Sparidae,active,2.7,2.35768,554,grazing on aquatic plants,omnivore,demersal,subtropical,fusiform / normal,nan,nan,Diplholb
Diplodus puntazzo,Sparidae,active,3.07,3.0997,555,hunting macrofauna (predator),omnivore,demersal,subtropical,fusiform / normal,37,212,Diplpunt
Diplodus sargus,Sparidae,active,3.24,3.23978,545,hunting macrofauna (predator),omnivore,demersal,subtropical,fusiform / normal,nan,nan,Diplsarg
Diplodus vulgaris,Sparidae,active,3.34,4.71819,472,hunting macrofauna (predator),omnivore,demersal,subtropical,fusiform / normal,nan,nan,Diplvulg
Ditrema temminckii,Embiotocidae,active,,,,hunting macrofauna (predator),benthic invertivore,demersal;pelagic site attached,boreal;subtropical;temperate,fusiform / normal;short and / or deep,,,Ditrtemm
Echeneis naucrates,Echeneidae,active,3.4,1.53934,613,variable,benthic invertivore;higher carnivore,pelagic non-site attached,tropical,elongated,nan,nan,Echenauc
Echiichthys vipera,Trachinidae,ambush,nan,1.58052,594,hunting macrofauna (predator),higher carnivore,benthic,subtropical,elongated,19,172,Echivipe
Elops saurus,Elopidae,active,4.11,0.899151,592,hunting macrofauna (predator),benthic invertivore;higher carnivore,demersal,tropical,elongated,nan,nan,Elopsaur
Embiotoca jacksoni,Embiotocidae,active,3.31,2.41741,574,hunting macrofauna (predator),benthic invertivore;planktivore,demersal;pelagic site attached,subtropical;temperate,short and / or deep,nan,nan,Embijack
Embiotoca lateralis,Embiotocidae,active,3.33,1.4289,598,hunting macrofauna (predator),benthic invertivore,demersal;pelagic site attached,boreal;subtropical;temperate,short and / or deep,nan,nan,Embilate
Embiotoca sp.,Embiotocidae,active,,,,variable,benthic invertivore;planktivore,demersal;pelagic site attached,boreal;subtropical;temperate,fusiform / normal;short and / or deep,,,Embisp
Embiotocidae sp.,Embiotocidae,active,,,,variable,benthic invertivore;planktivore,demersal;pelagic site attached,boreal;subtropical;temperate,fusiform / normal;short and / or deep,,,Embisp.1
Embiotocidae spp.,Embiotocidae,active,,,,variable,benthic invertivore;planktivore,demersal;pelagic site attached,boreal;subtropical;temperate,fusiform / normal;short and / or deep,,,Embispp
Engraulis ringens,Engraulidae,active,2.859999895,1.97543,557,filtering plankton,planktivore,pelagic non-site attached,temperate,elongated,44,148,Engrring
Enophrys bison,Cottidae,ambush,3.34,1.47686,579,hunting macrofauna (predator),higher carnivore,benthic,boreal;subtropical;temperate,fusiform / normal,nan,nan,Enopbiso
Entelurus aequoreus,Syngnathidae,ambush,3.539999962,nan,nan,hunting macrofauna (predator),benthic invertivore;planktivore,demersal,temperate,eel-like,nan,nan,Enteaequ
Epinephelus coioides,Serranidae,ambush,3.95,1.284177,593.25,hunting macrofauna (predator),higher carnivore,benthic,tropical,fusiform / normal,18,144,Epincoio
Epinephelus sp.,Serranidae,ambush,,,,hunting macrofauna (predator),higher carnivore,demersal,subtropical;temperate;tropical,fusiform / normal,,,Epinsp
Ethmidium maculatum,Clupeidae,active,2.82,2.29801,561,filtering plankton,planktivore,pelagic non-site attached,temperate,fusiform / normal,nan,nan,Ethmmacu
Etropus longimanus,Paralichthyidae,ambush,3.29,1.15656,616,hunting macrofauna (predator),benthic invertivore,benthic,tropical,short and / or deep,13,168,Etrolong
Eucinostomus argenteus,Gerreidae,active,3.32,2.35299,570,hunting macrofauna (predator),benthic invertivore,demersal,tropical,fusiform / normal,nan,nan,Euciarge
Eucinostomus harengulus,Gerreidae,active,3.26,nan,nan,hunting macrofauna (predator),benthic invertivore,demersal,subtropical;tropical,fusiform / normal,nan,nan,Eucihare
Eucinostomus melanopterus,Gerreidae,active,3.39,2.60386,549,hunting macrofauna (predator),benthic invertivore,demersal,tropical,fusiform / normal,nan,nan,Eucimela
Eurypanopeus turgidus,Panopeidae,active,,,,browsing on substrate,omnivore,benthic,subtropical;temperate;tropical,crab,,,Euryturg
Farfantepenaeus aztecus,Penaeidae,active,2.93,,,variable,omnivore,benthic,subtropical,shrimp,,,Farfazte
Farfantepenaeus californiensis,Penaeidae,active,nan,,,variable,omnivore,benthic,subtropical,shrimp,,,Farfcali
Farfantepenaeus spp.,Penaeidae,active,,,,variable,omnivore,benthic,subtropical;tropical,shrimp,,,Farfspp
Farfantepenaus spp.,Penaeidae,active,,,,variable,omnivore,benthic,subtropical;tropical,shrimp,,,Farfspp.1
Favonigobius exquisitus,Gobiidae,ambush,nan,nan,nan,hunting macrofauna (predator),benthic invertivore,benthic,subtropical,elongated;fusiform / normal,nan,nan,Favoexqu
Favonigobius gymnauchen,Gobiidae,ambush,2.71,0.875239,590,hunting macrofauna (predator),benthic invertivore,benthic,tropical,fusiform / normal,nan,nan,Favogymn
Fistularia commersonii,Fistulariidae,ambush,4.28,1.75645,587,hunting macrofauna (predator),higher carnivore,demersal,tropical,elongated,19,82,Fistcomm
Fundulus grandis,Fundulidae,active,3.42,1.26754,430,variable,omnivore,demersal,subtropical;tropical,elongated,103,158,Fundgran
Fundulus heteroclitus,Fundulidae,active,3.59,0.897476,590,variable,omnivore,demersal,temperate,fusiform / normal,nan,nan,Fundhete
Fundulus majalis,Fundulidae,active,nan,0.806902,502,hunting macrofauna (predator),benthic invertivore,demersal,subtropical;temperate,elongated,nan,nan,Fundmaja
Fundulus parvipinnis,Fundulidae,active,nan,1.23684,561,hunting macrofauna (predator),benthic invertivore,benthic,temperate,elongated,40,147,Fundparv
Fundulus similis,Fundulidae,active,nan,0.902809,503,variable,omnivore,demersal,subtropical,elongated,nan,nan,Fundsimi
Gadus chalcogrammus,Gadidae,ambush,3.680000067,1.32172,578.5,hunting macrofauna (predator),benthic invertivore;higher carnivore,demersal,polar,fusiform / normal,35,171,Gaduchal
Gadus morhua,Gadidae,ambush,4.29,1.29725,576,hunting macrofauna (predator),benthic invertivore;higher carnivore,demersal,temperate,fusiform / normal,33,122,Gadumorh
Gasterosteus aculateus,Gasterosteidae,active,,,,variable,benthic invertivore;planktivore,demersal,temperate,elongated;fusiform / normal,,,Gastacul
Gasterosteus aculeatus,Gasterosteidae,active,3.380000114,2.03993,575,variable,benthic invertivore;planktivore,demersal,temperate,fusiform / normal,28,151,Gastacul.1
Gasterosteus sp,Gasterosteidae,active,,,,variable,benthic invertivore;planktivore,demersal,temperate,elongated;fusiform / normal,,,Gastsp
Gasterosteus wheatlandi,Gasterosteidae,active,3.31,1.89024,580,variable,benthic invertivore;planktivore,demersal,temperate,elongated;fusiform / normal,nan,nan,Gastwhea
Gerres cinereus,Gerreidae,active,3.2,2.45534,574,hunting macrofauna (predator),benthic invertivore,demersal,tropical,fusiform / normal,nan,nan,Gerrcine
Gerres oyena,Gerreidae,active,2.72,2.074055,603,hunting macrofauna (predator),benthic invertivore,demersal,tropical,fusiform / normal,nan,nan,Gerroyen
Gerres subfasciatus,Gerreidae,active,nan,nan,nan,hunting macrofauna (predator),benthic invertivore,demersal,subtropical,fusiform / normal,nan,nan,Gerrsubf
Girella tricuspidata,Kyphosidae,active,2.47,2.49898,595,grazing on aquatic plants,browsing herbivore,demersal,temperate,short and / or deep,nan,nan,Giretric
Girella zebra,Kyphosidae,active,2,2.3853,438,grazing on aquatic plants,browsing herbivore,demersal,subtropical,short and / or deep,nan,nan,Girezebr
Gobiesox strumosus,Gobiesocidae,ambush,nan,0.780005,571,hunting macrofauna (predator),benthic invertivore,demersal,subtropical;tropical,elongated,nan,nan,Gobistru
Gobiidae sp.,Gobiidae,ambush,,,,hunting macrofauna (predator),benthic invertivore,benthic,subtropical;temperate;tropical,elongated;fusiform / normal,,,Gobisp
Gobiosoma bosc,Gobiidae,ambush,nan,nan,nan,browsing on substrate,benthic invertivore,benthic,tropical,elongated;fusiform / normal,nan,nan,Gobibosc
Gobiosoma sp.,Gobiidae,ambush,,,,browsing on substrate,benthic invertivore,benthic,subtropical;temperate;tropical,elongated;fusiform / normal,,,Gobisp.1
Gobius geniporus,Gobiidae,ambush,3.33,0.4810655,552,hunting macrofauna (predator),benthic invertivore,benthic,subtropical,elongated;fusiform / normal,61,198,Gobigeni
Gobius niger,Gobiidae,ambush,3.359999895,0.991499,305,hunting macrofauna (predator),benthic invertivore;planktivore,benthic,subtropical,fusiform / normal,nan,nan,Gobinige
Gobius sp.,Gobiidae,ambush,,,,hunting macrofauna (predator),benthic invertivore,benthic,subtropical;temperate;tropical,elongated;fusiform / normal,,,Gobisp.2
Gobiusculus flavescens,Gobiidae,ambush,3.18,1.5117,574,selective plankton feeding,benthic invertivore;planktivore,benthic,temperate,elongated,39,160,Gobiflav
Gymnapistes marmoratus,Tetrarogidae,ambush,3.68,nan,nan,hunting macrofauna (predator),benthic invertivore,demersal,subtropical,fusiform / normal,nan,nan,Gymnmarm
Haemulon plumieri,Haemulidae,active,,,,hunting macrofauna (predator),benthic invertivore;higher carnivore,demersal,temperate;tropical,fusiform / normal;short and / or deep,,,Haemplum
Haemulon sciurus,Haemulidae,active,3.41,2.4678,597,hunting macrofauna (predator),benthic invertivore;higher carnivore,demersal,tropical,fusiform / normal,nan,nan,Haemsciu
Halichoeres bivittatus,Labridae,active,3.5,1.09974,528,hunting macrofauna (predator),benthic invertivore;higher carnivore,demersal,tropical,fusiform / normal,nan,nan,Halibivi
Halichoeres chloropterus,Labridae,active,3.37,1.2663,598.5,hunting macrofauna (predator),benthic invertivore,demersal,tropical,fusiform / normal,12,152,Halichlo
Halichoeres garnoti,Labridae,active,3.5,0.889156,567,hunting macrofauna (predator),benthic invertivore,demersal,tropical,fusiform / normal,nan,nan,Haligarn
Halichoeres semicinctus,Labridae,active,3.26,1.03567,580,hunting macrofauna (predator),benthic invertivore,benthic,subtropical;temperate,elongated;fusiform / normal,28,206,Halisemi
Halichoeres sp.,Labridae,active,,,,variable,benthic invertivore,demersal,subtropical;temperate;tropical,elongated;fusiform / normal,,,Halisp
Halichoeres trimaculatus,Labridae,active,3.460000038,1.41396,593,variable,benthic invertivore,demersal,tropical,fusiform / normal,16,151,Halitrim
Harengula clupeola,Clupeidae,active,3.529999971,1.63819,580,selective plankton feeding,omnivore,pelagic non-site attached,tropical,fusiform / normal,nan,nan,Hareclup
Harengula jaguana,Clupeidae,active,3.4,3.39567,579,selective plankton feeding,planktivore,pelagic non-site attached,tropical,fusiform / normal,nan,nan,Harejagu
Helotes sexlineatus,Terapontidae,active,2,1.49408,605,hunting macrofauna (predator),benthic invertivore,demersal,subtropical,fusiform / normal,21,255,Helosexl
Hemigrapsus oregonensis,Varunidae,active,,,,variable,omnivore,benthic,temperate,crab,,,Hemioreg
Hemilepidotus hemilepidotus,Cottidae,ambush,3.609999895,1.45997,586,hunting macrofauna (predator),higher carnivore,benthic,polar,elongated,nan,nan,Hemihemi
Hemiramphus robustus,Hemiramphidae,active,nan,2.50839,609,hunting macrofauna (predator),higher carnivore,pelagic site attached,tropical,elongated,nan,nan,Hemirobu
Herklotsichthys castelnaui,Clupeidae,active,nan,1.76741,583,hunting macrofauna (predator),benthic invertivore,pelagic non-site attached,subtropical,fusiform / normal,nan,nan,Herkcast
Heteroclinus perspicillatus,Clinidae,ambush,nan,nan,nan,hunting macrofauna (predator),benthic invertivore,benthic,subtropical,elongated,nan,nan,Hetepers
Heterostichus rostratus,Clinidae,ambush,3.89,nan,nan,hunting macrofauna (predator),benthic invertivore,benthic,subtropical;temperate,elongated,nan,nan,Heterost
Hexagrammos agrammus,Hexagrammidae,active,nan,1.63618,573,hunting macrofauna (predator),benthic invertivore,demersal,subtropical;temperate,elongated;fusiform / normal,29,153,Hexaagra
Hexagrammos decagrammus,Hexagrammidae,active,3.589999914,1.65391,591,hunting macrofauna (predator),higher carnivore,demersal,boreal;polar;subtropical;temperate,fusiform / normal,nan,nan,Hexadeca
Hexagrammos lagocephalus,Hexagrammidae,active,3.49,1.13494,608,hunting macrofauna (predator),higher carnivore,demersal,temperate,fusiform / normal,nan,nan,Hexalago
Hexagrammos otakii,Hexagrammidae,active,3.79,1.23273,577,hunting macrofauna (predator),higher carnivore,demersal,subtropical;temperate,elongated,nan,nan,Hexaotak
Hippichthys penicillus,Syngnathidae,ambush,nan,0.835051,605.5,selective plankton feeding,planktivore,demersal,tropical,eel-like,15,94,Hipppeni
Hippocampus procerus,Syngnathidae,ambush,nan,nan,nan,selective plankton feeding,planktivore,demersal,boreal;subtropical;temperate;tropical,other,nan,nan,Hippproc
Hippocampus sp.,Syngnathidae,ambush,,,,hunting macrofauna (predator),benthic invertivore;planktivore,demersal,boreal;subtropical;temperate;tropical,eel-like;other,,,Hippsp
Hippocampus whitei,Syngnathidae,ambush,nan,nan,nan,selective plankton feeding,planktivore,demersal,subtropical,other,nan,nan,Hippwhit
Hypomesus pretiosus,Osmeridae,active,3.430000067,2.39741,587,selective plankton feeding,benthic invertivore;planktivore,demersal,boreal;polar;subtropical;temperate,elongated,27,148,Hypopret
Hyporhamphus australis,Hemiramphidae,active,2.59,1.57256,595,variable,omnivore,pelagic site attached,subtropical,elongated,nan,nan,Hypoaust
Hyporhamphus brasiliensis,Hemiramphidae,active,,,,selective plankton feeding,omnivore,pelagic site attached,subtropical;temperate;tropical,elongated;fusiform / normal,,,Hypobras
Hyporhamphus meeki,Hemiramphidae,active,2.81,3.17411,578,variable,omnivore,pelagic site attached,temperate,fusiform / normal,26,121,Hypomeek
Hyporhamphus regularis,Hemiramphidae,active,3.04,nan,nan,variable,omnivore,pelagic site attached,subtropical,elongated;fusiform / normal,nan,nan,Hyporegu
Hyporhamphus regularis ardelio,Hemiramphidae,active,,,,variable,omnivore,pelagic site attached,subtropical;temperate;tropical,elongated;fusiform / normal,,,Hypoarde
Hyporhamphus rosae,Hemiramphidae,active,nan,nan,nan,selective plankton feeding,planktivore,pelagic site attached,temperate;tropical,elongated;fusiform / normal,nan,nan,Hyporosa
Hyporhamphus sp.,Hemiramphidae,active,,,,variable,omnivore,pelagic site attached,subtropical;temperate;tropical,elongated;fusiform / normal,,,Hyposp
Hypsoblennius gentilis,Blenniidae,ambush,2.71,1.45064,511,hunting macrofauna (predator),benthic invertivore,benthic,subtropical,elongated,46,111,Hypsgent
Hypsoblennius sordidus,Blenniidae,ambush,nan,0.959191,559,variable,omnivore,benthic,temperate,fusiform / normal,nan,nan,Hypssord
Hypsurus caryi,Embiotocidae,active,nan,1.69268,479,hunting macrofauna (predator),benthic invertivore;planktivore,demersal;pelagic site attached,subtropical;temperate,fusiform / normal;short and / or deep,nan,nan,Hypscary
Ilypnus gilberti,Gobiidae,ambush,nan,nan,nan,hunting macrofauna (predator),benthic invertivore,benthic,subtropical;temperate,elongated;fusiform / normal,nan,nan,Ilypgilb
Isacia conceptionis,Haemulidae,active,2.91,2.29105,589,hunting macrofauna (predator),benthic invertivore,benthic,temperate,fusiform / normal;short and / or deep,nan,nan,Isacconc
Konosirus punctatus,Clupeidae,active,2.94,1.33155,593,selective plankton feeding,planktivore,pelagic non-site attached,subtropical,fusiform / normal,nan,nan,Konopunc
Labroides dimidiatus,Labridae,active,3.85,1.07647,586,picking parasites off a host (cleaner),cleaner,demersal,tropical,elongated,nan,nan,Labrdimi
Labrus bergylta,Labridae,active,3.32,1.38077,604,hunting macrofauna (predator),benthic invertivore,demersal,subtropical,fusiform / normal,nan,nan,Labrberg
Lactophris trigonus,Ostraciidae,active,,,,variable,benthic invertivore,demersal,tropical,short and / or deep,,,Lacttrig
Lactophrys trigonus,Ostraciidae,active,nan,1.2715,568,variable,benthic invertivore,demersal,tropical,short and / or deep,nan,nan,Lacttrig.1
Lactoria cornuta,Ostraciidae,active,3.5,1.13322,568,hunting macrofauna (predator),benthic invertivore,demersal,tropical,short and / or deep,45,163,Lactcorn
Lactrophrys trigonus,Ostraciidae,active,,,,variable,benthic invertivore,demersal,tropical,short and / or deep,,,Lacttrig.2
Lagodon rhomboides,Sparidae,active,3.19,2.21993,618,hunting macrofauna (predator),omnivore,demersal,tropical,fusiform / normal,nan,nan,Lagorhom
Lateolabrax japonicus,Lateolabracidae,ambush,3.32,1.614635,594.5,hunting macrofauna (predator),planktivore,pelagic non-site attached,subtropical,fusiform / normal,28,181,Latejapo
Leiostomus xanthurus,Sciaenidae,active,nan,1.54116,553,hunting macrofauna (predator),benthic invertivore;higher carnivore,demersal,subtropical;temperate,fusiform / normal,nan,nan,Leioxant
Lepidogobius lepidus,Gobiidae,ambush,nan,0.61397,611,variable,omnivore,benthic,subtropical;temperate,fusiform / normal,nan,nan,Lepilepi
Lepidopsetta sp.,Pleuronectidae,ambush,,,,hunting macrofauna (predator),benthic invertivore;higher carnivore,benthic,boreal;polar;subtropical;temperate,short and / or deep,,,Lepisp
Leptocottus armatus,Cottidae,ambush,3.68,1.27423,594,hunting macrofauna (predator),higher carnivore,benthic,boreal;polar,elongated,nan,nan,Leptarma
Leptojulis cyanopleura,Labridae,active,3.4,1.20754,588,selective plankton feeding,benthic invertivore,demersal,tropical,fusiform / normal,nan,nan,Leptcyan
Leptojulis sp.,Labridae,active,,,,selective plankton feeding,planktivore,demersal,subtropical;temperate;tropical,elongated;fusiform / normal,,,Leptsp
Lethrinus atkinsoni,Lethrinidae,active,3.51,2.19874,588,hunting macrofauna (predator),benthic invertivore,demersal,tropical,fusiform / normal,nan,nan,Lethatki
Lethrinus genivittatus,Lethrinidae,active,3.61,1.84602,592,hunting macrofauna (predator),benthic invertivore,demersal,tropical,fusiform / normal,nan,nan,Lethgeni
Lethrinus laticaudis,Lethrinidae,active,3.97,2.34093,541,hunting macrofauna (predator),benthic invertivore,demersal,tropical,fusiform / normal,nan,nan,Lethlati
Lethrinus nebulosus,Lethrinidae,active,3.640000105,1.837065,592,hunting macrofauna (predator),benthic invertivore,demersal,tropical,fusiform / normal,22,174,Lethnebu
Lethrinus obsoletus,Lethrinidae,active,3.119999886,2.39126,575,hunting macrofauna (predator),benthic invertivore,demersal,tropical,fusiform / normal,nan,nan,Lethobso
Lethrinus sp.,Lethrinidae,active,,,,hunting macrofauna (predator),benthic invertivore,demersal,tropical,fusiform / normal,,,Lethsp
Limanda aspera,Pleuronectidae,ambush,3.66,1.64205,576,hunting macrofauna (predator),benthic invertivore;higher carnivore,benthic,polar,short and / or deep,36,168,Limaaspe
Limanda limanda,Pleuronectidae,ambush,3.39,1.11248,541,hunting macrofauna (predator),benthic invertivore;higher carnivore,benthic,temperate,short and / or deep,51,183,Limalima
Liparis sp.,Liparidae,active,,,,hunting macrofauna (predator),benthic invertivore,benthic,boreal;polar;temperate,elongate,,,Lipasp
Liza argentea,Mugilidae,active,,,,variable,omnivore,demersal,subtropical;tropical,fusiform / normal,,,Lizaarge
Liza aurata,Mugilidae,active,,,,variable,omnivore,demersal,subtropical;tropical,fusiform / normal,,,Lizaaura
Liza sp.,Mugilidae,active,,,,browsing on substrate,omnivore,demersal,subtropical;tropical,fusiform / normal,,,Lizasp
Lucania parva,Fundulidae,active,nan,1.56345,465,selective plankton feeding,planktivore,demersal,subtropical;temperate;tropical,fusiform / normal,90,136,Lucaparv
Lutjanus analis,Lutjanidae,active,3.92,1.6903,575,hunting macrofauna (predator),benthic invertivore,demersal,tropical,fusiform / normal,nan,nan,Lutjanal
Lutjanus apodus,Lutjanidae,active,3.76,1.77557,566,hunting macrofauna (predator),benthic invertivore,demersal,tropical,fusiform / normal,nan,nan,Lutjapod
Lutjanus griseus,Lutjanidae,active,3.88,1.77717,559,hunting macrofauna (predator),benthic invertivore,demersal,tropical,fusiform / normal,nan,nan,Lutjgris
Lutjanus obsoletus,Lutjanidae,active,,,,hunting macrofauna (predator),benthic invertivore,demersal,tropical,fusiform / normal,,,Lutjobso
Lutjanus russellii,Lutjanidae,active,3.799999952,2.21158,590,hunting macrofauna (predator),benthic invertivore,demersal,tropical,fusiform / normal,18,184.5,Lutjruss
Lutjanus semicinctus,Lutjanidae,active,4.05,2.07649,581,hunting macrofauna (predator),benthic invertivore,demersal,tropical,fusiform / normal,nan,nan,Lutjsemi
Lutjanus sp.,Lutjanidae,active,,,,hunting macrofauna (predator),benthic invertivore,demersal,tropical,fusiform / normal,,,Lutjsp
Lutjanus vitta,Lutjanidae,active,3.74000001,2.19494,552.6666667,hunting macrofauna (predator),benthic invertivore,demersal,tropical,fusiform / normal,21,145,Lutjvitt
Lysmata californica,Lysmatidae,active,,,,variable,benthic invertivore;cleaner,benthic,subtropical;temperate;tropical,shrimp,,,Lysmcali
Mallotus villosus,Osmeridae,active,3.2,1.89934,588,selective plankton feeding,benthic invertivore;planktivore,demersal,polar,elongated,20,146,Mallvill
Menidia beryllina,Atherinopsidae,active,nan,1.3888,341,selective plankton feeding,benthic invertivore;planktivore,pelagic site attached,subtropical;temperate,elongated,275,81,Menibery
Menidia menidia,Atherinopsidae,active,nan,1.10694,549,selective plankton feeding,benthic invertivore;planktivore,pelagic site attached,temperate,elongated,nan,nan,Menimeni
Menticirrhus ophicephalus,Sciaenidae,active,3.36,nan,nan,hunting macrofauna (predator),benthic invertivore,benthic,tropical,fusiform / normal,nan,nan,Mentophi
Merlangius merlangus,Gadidae,ambush,3.57,0.972208,576,hunting macrofauna (predator),benthic invertivore;higher carnivore,demersal,temperate,fusiform / normal,47,95,Merlmerl
Metacarcinus magister,Cancridae,active,3.61,,,variable,omnivore,benthic,boreal;subtropical;temperate,crab,,,Metamagi
Meuschenia trachylepis,Monacanthidae,active,nan,1.92223,596,grazing on aquatic plants,browsing herbivore,demersal,subtropical,short and / or deep,26,185,Meustrac
Micrometrus minimus,Embiotocidae,active,2.78,1.39951,422,variable,benthic invertivore;planktivore,demersal;pelagic site attached,subtropical;temperate,fusiform / normal;short and / or deep,nan,nan,Micrmini
Monacanthus chinensis,Monacanthidae,active,nan,2.71491,562,grazing on aquatic plants,omnivore,demersal,tropical,short and / or deep,35,186,Monachin
Monodactylus argenteus,Monodactylidae,active,2.95,3.32695,519,variable,planktivore,demersal,tropical,short and / or deep,15,230,Monoarge
Mugil cephalus,Mugilidae,active,2.48,2.279495,598,browsing on substrate,omnivore,demersal,tropical,fusiform / normal,15,135,Mugiceph
Mugil curema,Mugilidae,active,2.42,1.90961,549,variable,omnivore,demersal,tropical,fusiform / normal,38,212,Mugicure
Mugil sp.,Mugilidae,active,,,,variable,omnivore,demersal,subtropical;tropical,fusiform / normal,,,Mugisp
Mullus barbatus,Mullidae,active,,,,hunting macrofauna (predator),benthic invertivore,demersal,subtropical;tropical,fusiform / normal,,,Mullbarb
Mullus surmuletus,Mullidae,active,3.46,1.37635,591,hunting macrofauna (predator),benthic invertivore,demersal,subtropical,fusiform / normal,24,155,Mullsurm
Muraena helena,Muraenidae,ambush,4.18,nan,nan,hunting macrofauna (predator),higher carnivore,benthic,subtropical,eel-like,nan,nan,Murahele
Mycteroperca tigris,Serranidae,ambush,4.5,1.39914,590,hunting macrofauna (predator),higher carnivore,demersal,tropical,fusiform / normal,nan,nan,Mycttigr
Myoxocephalus aenaeus,Cottidae,ambush,3.48,0.685198,543,hunting macrofauna (predator),benthic invertivore,benthic,temperate,elongated;fusiform / normal,nan,nan,Myoxaena
Myoxocephalus polyacanthocephalus,Cottidae,ambush,3.71,1.00063,586,hunting macrofauna (predator),benthic invertivore;higher carnivore,benthic,boreal;polar;subtropical,fusiform / normal,nan,nan,Myoxpoly
Nautichthys oculofasciatus,Agonidae,ambush,4.05,0.793131,412,hunting macrofauna (predator),benthic invertivore,benthic,boreal;subtropical;temperate,elongated,nan,nan,Nautocul
Nesogobius maccullochi,Gobiidae,ambush,nan,nan,nan,hunting macrofauna (predator),benthic invertivore,benthic,subtropical;temperate;tropical,elongated;fusiform / normal,nan,nan,Nesomacc
Oblada melanura,Sparidae,active,3.38,2.47641,548,hunting macrofauna (predator),omnivore,demersal,subtropical,fusiform / normal,41,190,Oblamela
Ocyurus chrysurus,Lutjanidae,active,3.88,1.73696,586,hunting macrofauna (predator),benthic invertivore,demersal,tropical,fusiform / normal,29,198,Ocyuchry
Odontesthes sp.,Atherinopsidae,active,,,,selective plankton feeding,planktivore,pelagic site attached,subtropical;temperate;tropical,elongated,,,Odonsp
Oligocottus maculosus,Cottidae,ambush,3.38,1.00868,597,hunting macrofauna (predator),benthic invertivore,benthic,boreal;polar;temperate,elongated,nan,nan,Oligmacu
Oligoplites saliens,Carangidae,active,3.83,2.81466,600,hunting macrofauna (predator),higher carnivore;planktivore,pelagic non-site attached,tropical,fusiform / normal;short and / or deep,nan,nan,Oligsali
Oncorhynchus tshawytscha,Salmonidae,active,3.83,1.63658,578,hunting macrofauna (predator),higher carnivore;planktivore,pelagic non-site attached,temperate,fusiform / normal,nan,nan,Oncotsha
Opsanus tau,Batrachoididae,ambush,nan,nan,nan,hunting macrofauna (predator),benthic invertivore;higher carnivore,benthic,subtropical;temperate,fusiform / normal,nan,nan,Opsatau
Orthopristis chrysoptera,Haemulidae,active,3.390000105,1.82519,560,hunting macrofauna (predator),higher carnivore,demersal,tropical,short and / or deep,nan,nan,Orthchry
Ovalipes trimaculatus,Ovalipidae,active,,,,hunting macrofauna (predator),benthic invertivore,benthic,subtropical;temperate,crab,,,Ovaltrim
Pagurus perlatus,Paguridae,active,,,,variable,omnivore,benthic,subtropical;temperate,hermit crab,,,Paguperl
Palaemon elegans,Palaemonidae,active,2.39,,,variable,omnivore,benthic,subtropical,shrimp,,,Palaeleg
Palaemon serratus,Palaemonidae,active,2.69,,,variable,omnivore,benthic,subtropical;temperate,shrimp,,,Palaserr
Palaemon serrifer,Palaemonidae,active,nan,,,browsing on substrate,scraping herbivore,benthic,subtropical,shrimp,,,Palaserr.1
Palaemon sp.,Palaemonidae,active,,,,browsing on substrate,scraping herbivore,benthic,polar;subtropical;temperate;tropical,shrimp,,,Palasp
Palaemon spp,Palaemonidae,active,,,,selective plankton feeding,omnivore,benthic,polar;subtropical;temperate;tropical,shrimp,,,Palaspp
Palaemonetes pugio,Palaemonidae,active,2.71,,,variable,omnivore,benthic,polar;subtropical;temperate;tropical,shrimp,,,Palapugi
Palaemonetes spp.,Palaemonidae,active,,,,variable,omnivore,benthic,polar;subtropical;temperate;tropical,shrimp,,,Palaspp.1
Parajulis poecilopterus,Labridae,active,,,,hunting macrofauna (predator),benthic invertivore,demersal,subtropical;temperate;tropical,elongated;fusiform / normal,,,Parapoec
Paralabrax clathratus,Serranidae,ambush,3.98,1.917075,508.5,hunting macrofauna (predator),benthic invertivore;higher carnivore,demersal,subtropical;temperate,fusiform / normal,nan,nan,Paraclat
Paralabrax maculatofasciatus,Serranidae,ambush,4.2,1.63613,617,hunting macrofauna (predator),benthic invertivore,benthic,subtropical;temperate;tropical,fusiform / normal,nan,nan,Paramacu
Paralabrax nebulifer,Serranidae,ambush,3.53,2.57607,566,hunting macrofauna (predator),benthic invertivore,benthic,subtropical;temperate,fusiform / normal,34,176,Paranebu
Paralichthys albigutta,Paralichthyidae,ambush,nan,nan,nan,hunting macrofauna (predator),benthic invertivore;higher carnivore,benthic,tropical,short and / or deep,nan,nan,Paraalbi
Paralichthys californicus,Paralichthyidae,ambush,4.5,1.20553,567,hunting macrofauna (predator),benthic invertivore;higher carnivore,benthic,subtropical;temperate,short and / or deep,nan,nan,Paracali
Paralichthys microps,Paralichthyidae,ambush,4.17,nan,nan,hunting macrofauna (predator),benthic invertivore,benthic,temperate,short and / or deep,nan,nan,Paramicr
Paralichthys sp.,Paralichthyidae,ambush,,,,hunting macrofauna (predator),benthic invertivore,benthic,boreal;polar;subtropical;temperate;tropical,fusiform / normal;short and / or deep,,,Parasp
Parophrys vetulus,Pleuronectidae,ambush,3.39,1.09898,583,hunting macrofauna (predator),higher carnivore,benthic,boreal;polar;subtropical,short and / or deep,32,171,Parovetu
Parupeneus indicus,Mullidae,active,3.5,1.73901,601,hunting macrofauna (predator),benthic invertivore,demersal,tropical,fusiform / normal,15,195,Paruindi
Pelates quadrilineatus,Terapontidae,active,3.5,1.50466,584,hunting macrofauna (predator),benthic invertivore,demersal,tropical,fusiform / normal,27,215,Pelaquad
Penaeus californicus,Penaeidae,active,,,,variable,omnivore,benthic,subtropical;tropical,shrimp,,,Penacali
Penaeus esculentus,Penaeidae,active,2.77,,,browsing on substrate,scraping herbivore,benthic,tropical,shrimp,,,Penaescu
Petroscirtes lupus,Blenniidae,ambush,nan,0.825075,561,variable,omnivore,benthic,subtropical;tropical,elongated,nan,nan,Petrlupu
Petroscirtes variabilis,Blenniidae,ambush,3.1,0.507678,611,hunting macrofauna (predator),scraping herbivore,benthic,tropical,elongated,nan,nan,Petrvari
Phanerodon furcatus,Embiotocidae,active,nan,2.12358,602,variable,benthic invertivore;planktivore,demersal;pelagic site attached,subtropical;temperate,fusiform / normal,62,264,Phanfurc
Philypnodon grandiceps,Eleotridae,ambush,3.75,nan,nan,hunting macrofauna (predator),benthic invertivore,benthic,subtropical,elongated,nan,nan,Philgran
Pholis fangi,Pholidae,active,nan,nan,nan,browsing on substrate,omnivore,benthic,subtropical;temperate,eel-like,nan,nan,Pholfang
Pholis gunnellus,Pholidae,active,3.54,nan,nan,browsing on substrate,omnivore,benthic,temperate,eel-like,nan,nan,Pholgunn
Pholis laeta,Pholidae,active,3.27,nan,nan,browsing on substrate,omnivore,benthic,polar;subtropical,eel-like,nan,nan,Phollaet
Pholis ornata,Pholidae,active,3.55,nan,nan,browsing on substrate,omnivore,benthic,boreal;polar;subtropical;temperate,eel-like,nan,nan,Pholorna
Pholis sp.,Pholidae,active,,,,browsing on substrate,omnivore,benthic,boreal;polar;subtropical;temperate,eel-like,,,Pholsp
Plagiotremus tapeinosoma,Blenniidae,ambush,nan,0.749679,565,hunting macrofauna (predator),omnivore,benthic,tropical,elongated,27,144,Plagtape
Platichthys stellatus,Pleuronectidae,ambush,3.5,1.62782,559,hunting macrofauna (predator),benthic invertivore,benthic,polar,short and / or deep,52,194,Platstel
Platycephalidae sp.,Platycephalidae,ambush,,,,hunting macrofauna (predator),higher carnivore,demersal,subtropical,fusiform / normal,,,Platsp
Platycephalus aurimaculatus,Platycephalidae,ambush,nan,nan,nan,hunting macrofauna (predator),benthic invertivore,demersal,subtropical,fusiform / normal,nan,nan,Platauri
Platycephalus fuscus,Platycephalidae,ambush,4.06,nan,nan,hunting macrofauna (predator),benthic invertivore,benthic,subtropical,fusiform / normal,nan,nan,Platfusc
Pleuronectes platessa,Pleuronectidae,ambush,3.23,1.39958,599,hunting macrofauna (predator),benthic invertivore,benthic,polar,short and / or deep,613,200,Pleuplat
Pleuronectiformes,Pleuronectidae,ambush,,,,hunting macrofauna (predator),benthic invertivore;higher carnivore,benthic,boreal;polar;subtropical;temperate,short and / or deep,,,Plrnctfr
Pleuronectinae,Pleuronectidae,ambush,,,,hunting macrofauna (predator),benthic invertivore;higher carnivore,benthic,boreal;polar;subtropical;temperate,short and / or deep,,,Plernctn
Pollachius pollachius,Gadidae,ambush,3.91,1.33871,586,hunting macrofauna (predator),benthic invertivore;higher carnivore,demersal,temperate,fusiform / normal,31,188,Pollpoll
Pollachius virens,Gadidae,ambush,3.61,1.849075,589,hunting macrofauna (predator),benthic invertivore;higher carnivore,demersal,polar;temperate,fusiform / normal,21,97,Pollvire
Pomatoschistus marmoratus,Gobiidae,ambush,3.35,0.414485,418,hunting macrofauna (predator),omnivore,benthic,temperate,fusiform / normal,nan,nan,Pomamarm
Pomatoschistus marmoratus/minutus,Gobiidae,ambush,,,,hunting macrofauna (predator),benthic invertivore,benthic,subtropical;temperate;tropical,elongated;fusiform / normal,,,Pomaminu
Pomatoschistus minutus,Gobiidae,ambush,3.25,1.07226,571,hunting macrofauna (predator),omnivore,benthic,temperate,fusiform / normal,nan,nan,Pomaminu.1
Pomatoschistus sp.,Gobiidae,ambush,,,,hunting macrofauna (predator),benthic invertivore,benthic,subtropical;temperate;tropical,elongated;fusiform / normal,,,Pomasp
Porocottus leptosomus,Cottidae,ambush,nan,nan,nan,hunting macrofauna (predator),benthic invertivore;higher carnivore,benthic,temperate,elongated,nan,nan,Porolept
Portunus xantusii,Portunidae,active,nan,,,variable,omnivore,benthic,subtropical,crab,,,Portxant
Prionotus punctatus,Triglidae,ambush,3.77,1.1303,625,hunting macrofauna (predator),benthic invertivore,demersal,tropical,fusiform / normal,7,189,Priopunc
Processa canaliculata,Processidae,active,,,,variable,omnivore,benthic,temperate,shrimp,,,Proccana
Psettichthys melanostictus,Pleuronectidae,ambush,4.06,1.51368,588,hunting macrofauna (predator),higher carnivore,benthic,boreal;polar;subtropical;temperate,short and / or deep,34,157,Psetmela
Pseudoblennius cottoides,Cottidae,ambush,3.71,nan,nan,hunting macrofauna (predator),benthic invertivore,benthic,subtropical;temperate,elongated;fusiform / normal,nan,nan,Pseucott
Pseudolabrus guentheri,Labridae,active,3.5,1.25611,571,hunting macrofauna (predator),benthic invertivore,demersal,tropical,fusiform / normal,23,157,Pseuguen
Pseudomugil signifer,Pseudomugilidae,active,2.86,1.74125,453,hunting macrofauna (predator),benthic invertivore,demersal,subtropical,fusiform / normal,124,195,Pseusign
Pseudopleuronectes americanus,Pleuronectidae,ambush,3.08,1.3203,563,hunting macrofauna (predator),benthic invertivore,benthic,temperate,short and / or deep,41,196,Pseuamer
Pseudorhombus arsius,Paralichthyidae,ambush,3.84,1.13649,552,hunting macrofauna (predator),benthic invertivore;higher carnivore,benthic,tropical,short and / or deep,38,206,Pseuarsi
Pseudorhombus sp.,Paralichthyidae,ambush,,,,hunting macrofauna (predator),benthic invertivore;higher carnivore,benthic,boreal;polar;subtropical;temperate;tropical,fusiform / normal;short and / or deep,,,Pseusp
Pterogobius elapoides,Gobiidae,ambush,3,1.11147,610,selective plankton feeding,omnivore,benthic,subtropical;tropical,elongated;fusiform / normal,16,168,Pterelap
Pugettia producta,Epialtidae,active,,,,grazing on aquatic plants,browsing herbivore,benthic,boreal;subtropical;temperate,crab,,,Pugeprod
Pungitius pungitius,Gasterosteidae,active,3.35,1.33653,560.6666667,variable,benthic invertivore;planktivore,demersal,temperate,elongated,31.5,147.5,Pungpung
Repomucenus lunatus,Callionymidae,ambush,,,,browsing on substrate;hunting macrofauna (predator),benthic invertivore,benthic,subtropical,elongated,,,Repoluna
Repomucenus macdonaldi,Callionymidae,ambush,,,,browsing on substrate,benthic invertivore,benthic,subtropical,elongated,,,Repomacd
Rhacochilus toxotes,Embiotocidae,active,nan,1.03748,435,hunting macrofauna (predator),benthic invertivore;planktivore,demersal;pelagic site attached,subtropical;temperate,fusiform / normal;short and / or deep,nan,nan,Rhactoxo
Rhacochilus vacca,Embiotocidae,active,3.38,2.09593,557,hunting macrofauna (predator),benthic invertivore;planktivore,demersal;pelagic site attached,boreal;subtropical;temperate,short and / or deep,nan,nan,Rhacvacc
Rhinobatos productus,Rhinobatidae,active,,,,hunting macrofauna (predator),benthic invertivore;higher carnivore,benthic,subtropical;temperate,other,,,Rhinprod
Rhombosolea tapirina,Rhombosoleidae,ambush,nan,1.4541,556,hunting macrofauna (predator),benthic invertivore,benthic,subtropical,short and / or deep,33,213,Rhomtapi
Romaleon setosum,Cancridae,active,nan,,,hunting macrofauna (predator),benthic invertivore,benthic,subtropical,crab,,,Romaseto
Rudarius ercodes,Monacanthidae,active,3.09,nan,nan,browsing on substrate,benthic invertivore,pelagic site attached,subtropical;temperate;tropical,short and / or deep,nan,nan,Rudaerco
Salaria pavo,Blenniidae,ambush,3.02,0.803736,603,variable,omnivore,benthic,subtropical,fusiform / normal,nan,nan,Salapavo
Salmo trutta trutta,Salmonidae,active,,,,hunting macrofauna (predator),higher carnivore;planktivore,pelagic non-site attached,temperate,fusiform / normal,,,Salmtrut
Sardinella aurita,Clupeidae,active,3.04,1.59116,592,selective plankton feeding,planktivore,pelagic non-site attached,tropical,fusiform / normal,25,194,Sardauri
Sardinella brasiliensis,Clupeidae,active,3.1,1.06558,606,selective plankton feeding,omnivore,pelagic non-site attached,tropical,fusiform / normal,30,127,Sardbras
Sardinops sagax,Clupeidae,active,2.61,2.510855,587.5,selective plankton feeding,planktivore,pelagic site attached,subtropical,fusiform / normal,27,190,Sardsaga
Sarpa salpa,Sparidae,active,2.14,2.84516,397,grazing on aquatic plants,browsing herbivore,demersal,subtropical,fusiform / normal,56,154,Sarpsalp
Saurida nebulosa,Synodontidae,ambush,4.2,2.17212,610,hunting macrofauna (predator),higher carnivore,benthic,tropical,elongated,12,115,Saurnebu
Scartichthys gigas,Blenniidae,ambush,3.01,0.990134,552,variable,omnivore,benthic,temperate;tropical,elongated,nan,nan,Scargiga
Scartichthys viridis,Blenniidae,ambush,2.11,2.06089,475,grazing on aquatic plants,omnivore,benthic,temperate,elongated,33,122,Scarviri
Scarus ghobban,Labridae,active,2,1.77477,588,browsing on substrate,scraping herbivore,demersal,tropical,fusiform / normal,20,142,Scarghob
Sciaenops ocellatus,Sciaenidae,active,3.74,1.48766,609,hunting macrofauna (predator),benthic invertivore;higher carnivore,demersal,subtropical;tropical,fusiform / normal,nan,nan,Sciaocel
Scolopsis lineata,Nemipteridae,active,3.76,2.181345,598.5,hunting macrofauna (predator),benthic invertivore,demersal,tropical,fusiform / normal,20,164,Scolline
Scolopsis sp.,Nemipteridae,active,,,,hunting macrofauna (predator),benthic invertivore,demersal,tropical,fusiform / normal,,,Scolsp
Scolopsis trilineata,Nemipteridae,active,nan,2.313025,574.5,hunting macrofauna (predator),benthic invertivore,demersal,tropical,fusiform / normal,26,170.5,Scoltril
Scomberoides tala,Carangidae,active,4.5,3.34561,572,hunting macrofauna (predator),higher carnivore,pelagic non-site attached,tropical,fusiform / normal,nan,nan,Scomtala
Scorpaenichthys marmoratus,Cottidae,ambush,3.619999886,0.992368,440,hunting macrofauna (predator),higher carnivore,benthic,boreal;subtropical;temperate,elongated,nan,nan,Scormarm
sculpin sp.,Cottidae,ambush,,,,hunting macrofauna (predator),benthic invertivore;higher carnivore,benthic,boreal;polar;subtropical;temperate,elongated;fusiform / normal,,,sculsp
Scyliorhinus canicula,Scyliorhinidae,active,3.67,0.832714,603,hunting macrofauna (predator),benthic invertivore,benthic,subtropical,elongated,18,53,Scylcani
Scylla serrata,Portunidae,active,3.5,,,hunting macrofauna (predator),benthic invertivore,benthic,tropical,crab,,,Scylserr
Sebastes caurinus,Sebastidae,ambush,3.68,1.33888,431,hunting macrofauna (predator),higher carnivore,demersal,temperate,fusiform / normal,nan,nan,Sebacaur
Sebastes pachycephalus,Sebastidae,ambush,nan,1.08228,604,hunting macrofauna (predator),higher carnivore,pelagic site attached,subtropical;temperate,short and / or deep,nan,nan,Sebapach
Sebastes spp.,Sebastidae,ambush,,,,hunting macrofauna (predator),higher carnivore,pelagic site attached,subtropical;temperate,fusiform / normal;short and / or deep,,,Sebaspp
Sebastiscus marmoratus,Sebastidae,ambush,nan,1.43431,604,hunting macrofauna (predator),higher carnivore,pelagic site attached,subtropical,fusiform / normal,nan,nan,Sebamarm
Sepia officinalis,Sepiidae,active,,,,hunting macrofauna (predator),higher carnivore,demersal,subtropical;tropical,squid,,,Sepioffi
Sepia plangon,Sepiidae,active,,,,hunting macrofauna (predator),higher carnivore,demersal,subtropical;tropical,squid,,,Sepiplan
Sepioteuthis australis,Loliginidae,active,,,,hunting macrofauna (predator),higher carnivore,demersal,subtropical;temperate,squid,,,Sepiaust
Sepioteuthis lessoniana,Loliginidae,active,,,,hunting macrofauna (predator),higher carnivore,demersal,subtropical;temperate,squid,,,Sepiless
Serranus scriba,Serranidae,ambush,3.58,1.27923,591,hunting macrofauna (predator),benthic invertivore;higher carnivore,demersal,subtropical,fusiform / normal,nan,nan,Serrscri
Siganus canaliculatus,Siganidae,active,2.75999999,2.27662,575.3333333,grazing on aquatic plants,browsing herbivore,demersal,tropical,fusiform / normal,24.33333333,192,Sigacana
Siganus fuscescens,Siganidae,active,2.279999971,2.223163333,554.6666667,grazing on aquatic plants,browsing herbivore,demersal,tropical,fusiform / normal,39.66666667,192.3333333,Sigafusc
Siganus lineatus,Siganidae,active,2,3.13674,561,grazing on aquatic plants,browsing herbivore,demersal,tropical,fusiform / normal,30,187,Sigaline
Siganus sp.,Siganidae,active,,,,grazing on aquatic plants,browsing herbivore,demersal,tropical,fusiform / normal,,,Sigasp
Sillago ciliata,Sillaginidae,active,3.36,2.14581,570,hunting macrofauna (predator),benthic invertivore,demersal,tropical,fusiform / normal,38,229,Sillcili
Sillago maculata,Sillaginidae,active,3.52,0.957405,554,hunting macrofauna (predator),benthic invertivore,demersal,tropical,elongated,53,205,Sillmacu
Sillago sp.,Sillaginidae,active,,,,hunting macrofauna (predator),benthic invertivore,demersal,tropical,elongated;fusiform / normal,,,Sillsp
Solea solea,Soleidae,active;ambush,3.299999952,1.39786,556,hunting macrofauna (predator),benthic invertivore,benthic,subtropical,short and / or deep,49,147,Solesole
Solea sp.,Soleidae,active;ambush,,,,hunting macrofauna (predator),benthic invertivore,benthic,subtropical,short and / or deep,,,Solesp
Sparisoma rubripinne,Labridae,active,2,1.19765,583,browsing on substrate,scraping herbivore,demersal,tropical,fusiform / normal,28,142,Sparrubr
Sparisoma viride,Labridae,active,2,1.12955,561,browsing on substrate,scraping herbivore,demersal,tropical,fusiform / normal,39,224,Sparviri
Sparus aurata,Sparidae,active,3.39,1.38933,596,hunting macrofauna (predator),omnivore,demersal,subtropical,fusiform / normal,22,229,Sparaura
Sparus sp.,Sparidae,active,,,,hunting macrofauna (predator),higher carnivore,demersal,subtropical;tropical,fusiform / normal,,,Sparsp
Sphoeroides maculatus,Tetraodontidae,active,4.04,nan,nan,hunting macrofauna (predator),benthic invertivore;higher carnivore,pelagic non-site attached,temperate,short and / or deep,nan,nan,Sphomacu
Sphoeroides nephelus,Tetraodontidae,active,3.5,nan,nan,hunting macrofauna (predator),benthic invertivore,benthic,tropical,short and / or deep,nan,nan,Sphoneph
Sphoeroides testudineus,Tetraodontidae,active,3.4,1.42214,586,hunting macrofauna (predator),benthic invertivore;higher carnivore,demersal,tropical,fusiform / normal,27,151,Sphotest
Sphyraena barracuda,Sphyraenidae,active,4.5,2.45371,610.5,hunting macrofauna (predator),higher carnivore,demersal;pelagic non-site attached,tropical,elongated,15,106,Sphybarr
Sphyraena borealis,Sphyraenidae,active,nan,1.73483,541,hunting macrofauna (predator),higher carnivore,demersal,subtropical;temperate,elongated,52,83,Sphybore
Sphyraena obtusata,Sphyraenidae,active,nan,2.79384,613,hunting macrofauna (predator),higher carnivore,pelagic non-site attached,tropical,elongated,16,217,Sphyobtu
Spinachia spinachia,Gasterosteidae,active,3.5,1.60243,573,variable,benthic invertivore;planktivore,demersal,temperate,elongated,nan,nan,Spinspin
Spondyliosoma cantharus,Sparidae,active,3.27,1.93958,615,variable,omnivore,demersal,subtropical,fusiform / normal,12,191,Sponcant
Sprattus sprattus,Clupeidae,active,3.01,1.58155,596,selective plankton feeding,planktivore,pelagic non-site attached,subtropical;temperate,fusiform / normal,nan,nan,Spraspra
Stephanolepis hispidus,Monacanthidae,active,2.76,1.26543,532,grazing on aquatic plants,benthic invertivore,demersal,tropical,short and / or deep,57,225,Stephisp
Stigmatopora argus,Syngnathidae,ambush,nan,nan,nan,hunting macrofauna (predator),benthic invertivore,demersal,subtropical,eel-like,nan,nan,Stigargu
Strongylura exilis,Belonidae,active,4.5,1.4518,582,hunting macrofauna (predator),higher carnivore,pelagic non-site attached,temperate;tropical,elongated,nan,nan,Stroexil
Strongylura marina,Belonidae,active,3.78,1.34209,616,hunting macrofauna (predator),higher carnivore,pelagic non-site attached,tropical,elongated,nan,nan,Stromari
Symphodus cinereus,Labridae,active,3.3,1.53336,581,hunting macrofauna (predator),benthic invertivore,demersal,subtropical,fusiform / normal,20,191,Sympcine
Symphodus melops,Labridae,active,3.32,1.34099,573,hunting macrofauna (predator),benthic invertivore,demersal,subtropical,fusiform / normal,22,190,Sympmelo
Symphodus ocellatus,Labridae,active,3.339999914,1.13243,594,variable,benthic invertivore,demersal,subtropical,fusiform / normal,19,203,Sympocel
Symphodus tinca,Labridae,active,3.230000019,1.65376,583,hunting macrofauna (predator),higher carnivore,demersal,subtropical,fusiform / normal,24,196,Symptinc
Symphorus nematophorus,Lutjanidae,active,4.18,1.32518,572.5,hunting macrofauna (predator),benthic invertivore,demersal,tropical,fusiform / normal,23,173,Sympnema
Syngnathus abaster,Syngnathidae,ambush,3.2,nan,nan,selective plankton feeding,benthic invertivore;planktivore,demersal,temperate,eel-like,nan,nan,Syngabas
Syngnathus acus,Syngnathidae,ambush,3.52,nan,nan,hunting macrofauna (predator),benthic invertivore;planktivore,demersal,subtropical,eel-like,nan,nan,Syngacus
Syngnathus floridae,Syngnathidae,ambush,3.32,nan,nan,hunting macrofauna (predator),benthic invertivore;planktivore,demersal,tropical,eel-like,nan,nan,Syngflor
Syngnathus fuscus,Syngnathidae,ambush,3.13,nan,nan,hunting macrofauna (predator),benthic invertivore;planktivore,demersal,temperate,eel-like,nan,nan,Syngfusc
Syngnathus leptorhynchus,Syngnathidae,ambush,3.24000001,nan,nan,hunting macrofauna (predator),benthic invertivore;planktivore,demersal,boreal;subtropical;temperate,eel-like,nan,nan,Synglept
Syngnathus sp.,Syngnathidae,ambush,,,,selective plankton feeding,benthic invertivore;planktivore,demersal,boreal;subtropical;temperate;tropical,eel-like;other,,,Syngsp
Syngnathus typhle,Syngnathidae,ambush,3.75,nan,nan,selective plankton feeding,benthic invertivore;planktivore,demersal,temperate,eel-like,nan,nan,Syngtyph
Synodus foetens,Synodontidae,ambush,4.43,1.88281,569,hunting macrofauna (predator),higher carnivore,benthic,tropical,elongated,nan,nan,Synofoet
Synodus myops,Synodontidae,ambush,,,,hunting macrofauna (predator),higher carnivore,benthic,tropical,elongated,,,Synomyop
Takifugu niphobles,Tetraodontidae,active,3.26,1.74618,560,hunting macrofauna (predator),benthic invertivore,demersal,subtropical,fusiform / normal;short and / or deep,43,168,Takiniph
Taliepus dentatus,Epialtidae,active,,,,grazing on aquatic plants,omnivore,benthic,boreal;subtropical;temperate,crab,,,Talident
Taurulus bubalis,Cottidae,ambush,3.59,0.329912,613,hunting macrofauna (predator),benthic invertivore;higher carnivore,benthic,temperate,fusiform / normal,nan,nan,Taurbuba
Tetractenos glaber,Tetraodontidae,active,nan,nan,nan,hunting macrofauna (predator),benthic invertivore,demersal,subtropical,fusiform / normal;short and / or deep,nan,nan,Tetrglab
Tetractenos hamiltoni,Tetraodontidae,active,nan,nan,nan,hunting macrofauna (predator),benthic invertivore;higher carnivore,demersal,subtropical,short and / or deep,nan,nan,Tetrhami
Thalassoma bifasciatum,Labridae,active,3.49,nan,nan,selective plankton feeding,benthic invertivore,demersal,tropical,fusiform / normal,nan,nan,Thalbifa
Thalassoma sp.,Labridae,active,,,,variable,benthic invertivore;higher carnivore,demersal,subtropical;temperate;tropical,elongated;fusiform / normal,,,Thalsp
Torquigener sp.,Tetraodontidae,active,,,,hunting macrofauna (predator),benthic invertivore,demersal,subtropical;temperate;tropical,fusiform / normal;short and / or deep,,,Torqsp
Tozeuma carolinense,Hippolytidae,active,,,,grazing on aquatic plants,scraping herbivore,benthic,subtropical;tropical,shrimp,,,Tozecaro
Trachinotus blochii,Carangidae,active,3.74,3.52165,570.5,hunting macrofauna (predator),benthic invertivore,pelagic non-site attached,tropical,short and / or deep,35,233,Tracbloc
Trachinotus botla,Carangidae,active,3.21,4.97538,623,hunting macrofauna (predator),benthic invertivore,pelagic non-site attached,tropical,fusiform / normal,nan,nan,Tracbotl
Trichechus manatus,Trichechidae,active,,,,grazing on aquatic plants,browsing herbivore,benthic,subtropical;tropical,mammal,,,Tricmana
Umbrina roncador,Sciaenidae,active,3.49,1.28762,570,hunting macrofauna (predator),benthic invertivore;higher carnivore,demersal,subtropical,fusiform / normal,nan,nan,Umbrronc
Upeneus tragula,Mullidae,active,3.5,1.956,609,hunting macrofauna (predator),benthic invertivore,demersal,tropical,fusiform / normal,11,184,Upentrag
Urobatis jamaicensis,Urotrygonidae,active;ambush,3.55,nan,nan,hunting macrofauna (predator),benthic invertivore,benthic,tropical,other,nan,nan,Urobjama
Urocampus carinirostris,Syngnathidae,ambush,nan,nan,596,selective plankton feeding,planktivore,demersal,tropical,eel-like,nan,nan,Uroccari
Urophycis regia,Phycidae,ambush,3.72,0.859439,589,hunting macrofauna (predator),benthic invertivore,benthic,temperate,fusiform / normal,31,168,Uropregi
Xiphister atropurpureus,Stichaeidae,ambush,3.2,1.0722285,576.5,browsing on substrate,omnivore,benthic,boreal;subtropical;temperate,eel-like,29.5,158.5,Xiphatro
Zebrasoma scopas,Acanthuridae,active,2,2.02091,525.5,browsing on substrate,browsing herbivore,demersal,tropical,short and / or deep,7,287,Zebrscop
Zosterisessor ophiocephalus,Gobiidae,ambush,3.66,0.729824,593,hunting macrofauna (predator),benthic invertivore;higher carnivore,benthic,subtropical;temperate,fusiform / normal,nan,nan,Zostophi
