sciName,name,act,feed,troph,watercol,body
Abudefduf saxatilis,Abudsaxa,active,variable,omnivore,demersal,short and / or deep
Acanthaluteres spilomelanurus,Acanspil,active,variable,omnivore,demersal,short and / or deep
Acanthogobius flavimanus,Acanflav,ambush,hunting macrofauna (predator),benthic invertivore,benthic,fusiform / normal
Acanthopagrus australis,Acanaust,active,hunting macrofauna (predator),benthic invertivore,demersal,fusiform / normal
Acanthurus coeruleus,Acancoer,active,browsing on substrate,browsing herbivore,demersal,short and / or deep
Acanthurus sp.,Acansp,active,browsing on substrate,browsing herbivore,demersal,short and / or deep
Acropoma japonicum,Acrojapo,ambush,selective plankton feeding,benthic invertivore;planktivore,pelagic non-site attached,fusiform / normal
Albula vulpes,Albuvulp,active,hunting macrofauna (predator),benthic invertivore;higher carnivore,demersal,fusiform / normal
Aldrichetta forsteri,Aldrfors,active,variable,omnivore,demersal,fusiform / normal
Aluterus scriptus,Alutscri,active,variable,omnivore,demersal;pelagic site attached,short and / or deep
Ambassis jacksoniensis,Ambajack,ambush,selective plankton feeding,planktivore,demersal,fusiform / normal
Ambassis marianus,Ambamari,ambush,selective plankton feeding,planktivore,demersal,fusiform / normal
Ambassis sp.,Ambasp,ambush,selective plankton feeding,planktivore,demersal,fusiform / normal
Amblygobius sp.,Amblsp,ambush,variable,omnivore,benthic,elongated;fusiform / normal
Ammodytes americanus,Ammoamer,ambush,selective plankton feeding,planktivore,pelagic site attached,elongated
Ammodytes hexapterus,Ammohexa,ambush,selective plankton feeding,planktivore,pelagic site attached,elongated
Ammodytes tobianus,Ammotobi,ambush,selective plankton feeding,planktivore,pelagic site attached,elongated
Anchoa delicatissima,Anchdeli,active,filtering plankton,planktivore,pelagic non-site attached,elongated
Anchoa mitchilli,Anchmitc,active,filtering plankton,planktivore,pelagic non-site attached,elongated
Anisotremus virginicus,Anisvirg,active,hunting macrofauna (predator),benthic invertivore;higher carnivore,demersal,short and / or deep
Apeltes quadracus,Apelquad,active,variable,benthic invertivore,demersal,elongated;fusiform / normal
Aphanius fasciatus,Aphafasc,active,grazing on aquatic plants,omnivore,demersal,fusiform / normal
Apodichthys flavidus,Apodflav,active,browsing on substrate,omnivore,benthic,eel-like
Archosargus probatocephalus,Archprob,active,hunting macrofauna (predator),benthic invertivore,benthic,fusiform / normal
Arenaeus cribrarius,Arencrib,active,variable,omnivore,benthic,crab
Arenigobius bifrenatus,Arenbifr,ambush,hunting macrofauna (predator),benthic invertivore,benthic,elongated
Ariopsis felis,Ariofeli,active,hunting macrofauna (predator),omnivore,benthic,elongated
Arothron hispidus,Arothisp,active,browsing on substrate,benthic invertivore,demersal,short and / or deep
Arothron sp.,Arotsp,active,browsing on substrate;hunting macrofauna (predator),benthic invertivore;higher carnivore,demersal,fusiform / normal;short and / or deep
Arothron stellatus,Arotstel,active,hunting macrofauna (predator),benthic invertivore,demersal,short and / or deep
Arrhamphus sclerolepis,Arrhscle,active,variable,omnivore,pelagic site attached,elongated
Artedius harringtoni,Arteharr,ambush,hunting macrofauna (predator),benthic invertivore,benthic,elongated
Artedius lateralis,Artelate,ambush,hunting macrofauna (predator),higher carnivore,benthic,elongated
Atherina boyeri,Atheboye,active,hunting macrofauna (predator),benthic invertivore;planktivore,pelagic site attached,elongated
Atherina hepsetus,Atheheps,active,hunting macrofauna (predator),benthic invertivore;planktivore,pelagic site attached,elongated
Atherina presbyter,Athepres,active,selective plankton feeding,planktivore,pelagic site attached,elongated
Atherinella brasiliensis,Athebras,active,variable,benthic invertivore;planktivore,pelagic site attached,elongated
Atherinomorus endrachtensis,Atheendr,active,selective plankton feeding,planktivore,pelagic site attached,elongated
Atherinomorus vaigiensis,Athevaig,active,variable,benthic invertivore;planktivore,pelagic site attached,elongated
Atherinops affinis,Atheaffi,active,selective plankton feeding,planktivore,pelagic site attached,elongated
Atherinopsis californiensis,Athecali,active,variable,planktivore,pelagic site attached,elongated
Atherinosoma microstoma,Athemicr,active,selective plankton feeding,benthic invertivore;planktivore,pelagic site attached,elongated
Aulorhynchus flavidus,Auloflav,ambush,selective plankton feeding,benthic invertivore;planktivore,demersal;pelagic site attached,elongated
Aulostomus chinensis,Aulochin,ambush,hunting macrofauna (predator),higher carnivore,pelagic site attached,elongated
Bairdiella chrysoura,Bairchry,active,hunting macrofauna (predator),benthic invertivore,demersal,fusiform / normal
Balistes vetula,Balivetu,active,hunting macrofauna (predator),benthic invertivore,demersal,short and / or deep
Bathygobius soporator,Bathsopo,ambush,hunting macrofauna (predator),omnivore,benthic,elongated
Blepsias cirrhosus,Blepcirr,ambush,hunting macrofauna (predator),benthic invertivore,benthic,elongated
Boops boops,Boopboop,active,selective plankton feeding,omnivore,demersal,fusiform / normal
Brachyistius frenatus,Bracfren,active,hunting macrofauna (predator),benthic invertivore,demersal;pelagic site attached,fusiform / normal
Caesio sp.,Caessp,active,hunting macrofauna (predator),benthic invertivore,demersal,fusiform / normal
Callinectes arcuatus,Callarcu,active,hunting macrofauna (predator),benthic invertivore,benthic,crab
Callinectes danae,Calldana,active,hunting macrofauna (predator),benthic invertivore;higher carnivore,benthic,crab
Callinectes ornatus,Callorna,active,hunting macrofauna (predator),benthic invertivore;higher carnivore,benthic,crab
Callinectes sapidus,Callsapi,active,variable,omnivore,benthic,crab
Callionymus lyra,Calllyra,ambush,hunting macrofauna (predator),benthic invertivore,benthic,elongated
Cancer coronatus,Canccoro,active,hunting macrofauna (predator),benthic invertivore,benthic,crab
Cancer irroratus,Cancirro,active,variable,omnivore,benthic,crab
Canthidermis sufflamen,Cantsuff,active,selective plankton feeding,benthic invertivore;planktivore,pelagic site attached,short and / or deep
Carangoides fulvoguttatus,Carafulv,active,hunting macrofauna (predator),benthic invertivore;higher carnivore,pelagic non-site attached,fusiform / normal
Caranx bartholomaei,Carabart,active,hunting macrofauna (predator),benthic invertivore;higher carnivore,pelagic non-site attached,fusiform / normal;short and / or deep
Caranx latus,Caralatu,active,hunting macrofauna (predator),benthic invertivore;higher carnivore,pelagic non-site attached,fusiform / normal
Caranx ruber,Cararube,active,hunting macrofauna (predator),benthic invertivore;higher carnivore,pelagic non-site attached,fusiform / normal
Carcharhinus melanopterus,Carcmela,active,hunting macrofauna (predator),higher carnivore,pelagic non-site attached,fusiform / normal
Carcinus maenas,Carcmaen,active,hunting macrofauna (predator),benthic invertivore,benthic,crab
Centropogon australis,Centaust,ambush,hunting macrofauna (predator),benthic invertivore,demersal,fusiform / normal
Chaetodon auriga,Chaeauri,active,hunting macrofauna (predator),benthic invertivore,demersal,short and / or deep
Chasmodes saburrae,Chassabu,ambush,hunting macrofauna (predator),omnivore,benthic,elongated;fusiform / normal
Cheilodactylus variegatus,Cheivari,active,hunting macrofauna (predator),benthic invertivore,demersal,fusiform / normal
Chelidonichthys kumu,Chelkumu,ambush,hunting macrofauna (predator),benthic invertivore,benthic,elongated
Chilomycterus schoepfi,Chilscho,active,variable,benthic invertivore,demersal,short and / or deep
Chromis chromis,Chrochro,active,hunting macrofauna (predator),omnivore,demersal,fusiform / normal
Citharichthys sordidus,Cithsord,ambush,hunting macrofauna (predator),higher carnivore,benthic,fusiform / normal
Citharichthys stigmaeus,Cithstig,ambush,hunting macrofauna (predator),benthic invertivore,benthic,short and / or deep
Clevelandia ios,Clevios,ambush,variable,omnivore,benthic,fusiform / normal
Clupea harengus,Cluphare,active,variable,planktivore,pelagic non-site attached,fusiform / normal
Coris caudimacula,Coricaud,active,hunting macrofauna (predator),benthic invertivore;higher carnivore,demersal,fusiform / normal
Coris julis,Corijuli,active,hunting macrofauna (predator),benthic invertivore;higher carnivore,demersal,fusiform / normal
Coris pictoides,Coripict,active,variable,benthic invertivore;higher carnivore,demersal,fusiform / normal
Coris sp.,Corisp,active,variable,benthic invertivore;higher carnivore,demersal,elongated;fusiform / normal
Cottoidea sp.,Cottsp,ambush,hunting macrofauna (predator),higher carnivore,benthic,elongated;fusiform / normal
Cottus asper,Cottaspe,ambush,hunting macrofauna (predator),benthic invertivore;higher carnivore,benthic,elongated
Cottus bairdi,Cottbair,ambush,hunting macrofauna (predator),benthic invertivore;higher carnivore,benthic,elongated;fusiform / normal
Crangon crangon,Crancran,active,hunting macrofauna (predator),benthic invertivore,benthic,shrimp
Crangon septemspinosa,Cransept,active,hunting macrofauna (predator),benthic invertivore,benthic,shrimp
Crangon sp.,Cransp,active,hunting macrofauna (predator),benthic invertivore,benthic,shrimp
Ctenogobius boleosoma,Ctenbole,ambush,hunting macrofauna (predator),omnivore,benthic,fusiform / normal
Ctenogobius sagittula,Ctensagi,ambush,variable,omnivore,benthic,elongated
Culaea inconstans,Culainco,active,variable,benthic invertivore;planktivore,demersal,fusiform / normal
Cyclopterus lumpus,Cycllump,active,hunting macrofauna (predator),benthic invertivore;higher carnivore,demersal,short and / or deep
Cymatogaster aggregata,Cymaaggr,active,hunting macrofauna (predator),benthic invertivore;planktivore,demersal;pelagic site attached,short and / or deep
Cynoscion arenarius,Cynoaren,active,hunting macrofauna (predator),higher carnivore,demersal,fusiform / normal
Cynoscion nebulosus,Cynonebu,active,hunting macrofauna (predator),higher carnivore,demersal,fusiform / normal
Cyprinodon variegatus,Cyprvari,active,grazing on aquatic plants,omnivore,demersal,short and / or deep
Diagramma pictum,Diagpict,active,hunting macrofauna (predator),benthic invertivore;higher carnivore,demersal,fusiform / normal
Dicentrarchus labrax,Dicelabr,active,hunting macrofauna (predator),higher carnivore,demersal,fusiform / normal
Diodon hystrix,Diodhyst,active,variable,benthic invertivore,demersal,short and / or deep
Diplodus annularis,Diplannu,active,hunting macrofauna (predator),omnivore,demersal,fusiform / normal
Diplodus holbrookii,Diplholb,active,grazing on aquatic plants,omnivore,demersal,fusiform / normal
Diplodus puntazzo,Diplpunt,active,hunting macrofauna (predator),omnivore,demersal,fusiform / normal
Diplodus sargus,Diplsarg,active,hunting macrofauna (predator),omnivore,demersal,fusiform / normal
Diplodus vulgaris,Diplvulg,active,hunting macrofauna (predator),omnivore,demersal,fusiform / normal
Ditrema temminckii,Ditrtemm,active,hunting macrofauna (predator),benthic invertivore,demersal;pelagic site attached,fusiform / normal;short and / or deep
Echeneis naucrates,Echenauc,active,variable,benthic invertivore;higher carnivore,pelagic non-site attached,elongated
Echiichthys vipera,Echivipe,ambush,hunting macrofauna (predator),higher carnivore,benthic,elongated
Elops saurus,Elopsaur,active,hunting macrofauna (predator),benthic invertivore;higher carnivore,demersal,elongated
Embiotoca jacksoni,Embijack,active,hunting macrofauna (predator),benthic invertivore;planktivore,demersal;pelagic site attached,short and / or deep
Embiotoca lateralis,Embilate,active,hunting macrofauna (predator),benthic invertivore,demersal;pelagic site attached,short and / or deep
Embiotoca sp.,Embisp,active,variable,benthic invertivore;planktivore,demersal;pelagic site attached,fusiform / normal;short and / or deep
Embiotocidae sp.,Embisp.1,active,variable,benthic invertivore;planktivore,demersal;pelagic site attached,fusiform / normal;short and / or deep
Embiotocidae spp.,Embispp,active,variable,benthic invertivore;planktivore,demersal;pelagic site attached,fusiform / normal;short and / or deep
Engraulis ringens,Engrring,active,filtering plankton,planktivore,pelagic non-site attached,elongated
Enophrys bison,Enopbiso,ambush,hunting macrofauna (predator),higher carnivore,benthic,fusiform / normal
Entelurus aequoreus,Enteaequ,ambush,hunting macrofauna (predator),benthic invertivore;planktivore,demersal,eel-like
Epinephelus coioides,Epincoio,ambush,hunting macrofauna (predator),higher carnivore,benthic,fusiform / normal
Epinephelus sp.,Epinsp,ambush,hunting macrofauna (predator),higher carnivore,demersal,fusiform / normal
Ethmidium maculatum,Ethmmacu,active,filtering plankton,planktivore,pelagic non-site attached,fusiform / normal
Etropus longimanus,Etrolong,ambush,hunting macrofauna (predator),benthic invertivore,benthic,short and / or deep
Eucinostomus argenteus,Euciarge,active,hunting macrofauna (predator),benthic invertivore,demersal,fusiform / normal
Eucinostomus harengulus,Eucihare,active,hunting macrofauna (predator),benthic invertivore,demersal,fusiform / normal
Eucinostomus melanopterus,Eucimela,active,hunting macrofauna (predator),benthic invertivore,demersal,fusiform / normal
Eurypanopeus turgidus,Euryturg,active,browsing on substrate,omnivore,benthic,crab
Farfantepenaeus aztecus,Farfazte,active,variable,omnivore,benthic,shrimp
Farfantepenaeus californiensis,Farfcali,active,variable,omnivore,benthic,shrimp
Farfantepenaeus spp.,Farfspp,active,variable,omnivore,benthic,shrimp
Favonigobius exquisitus,Favoexqu,ambush,hunting macrofauna (predator),benthic invertivore,benthic,elongated;fusiform / normal
Favonigobius gymnauchen,Favogymn,ambush,hunting macrofauna (predator),benthic invertivore,benthic,fusiform / normal
Fistularia commersonii,Fistcomm,ambush,hunting macrofauna (predator),higher carnivore,demersal,elongated
Fundulus grandis,Fundgran,active,variable,omnivore,demersal,elongated
Fundulus heteroclitus,Fundhete,active,variable,omnivore,demersal,fusiform / normal
Fundulus majalis,Fundmaja,active,hunting macrofauna (predator),benthic invertivore,demersal,elongated
Fundulus parvipinnis,Fundparv,active,hunting macrofauna (predator),benthic invertivore,benthic,elongated
Fundulus similis,Fundsimi,active,variable,omnivore,demersal,elongated
Gadus chalcogrammus,Gaduchal,ambush,hunting macrofauna (predator),benthic invertivore;higher carnivore,demersal,fusiform / normal
Gadus morhua,Gadumorh,ambush,hunting macrofauna (predator),benthic invertivore;higher carnivore,demersal,fusiform / normal
Gasterosteus aculateus,Gastacul,active,variable,benthic invertivore;planktivore,demersal,elongated;fusiform / normal
Gasterosteus aculeatus,Gastacul.1,active,variable,benthic invertivore;planktivore,demersal,fusiform / normal
Gasterosteus wheatlandi,Gastwhea,active,variable,benthic invertivore;planktivore,demersal,elongated;fusiform / normal
Gerres cinereus,Gerrcine,active,hunting macrofauna (predator),benthic invertivore,demersal,fusiform / normal
Gerres oyena,Gerroyen,active,hunting macrofauna (predator),benthic invertivore,demersal,fusiform / normal
Gerres subfasciatus,Gerrsubf,active,hunting macrofauna (predator),benthic invertivore,demersal,fusiform / normal
Girella tricuspidata,Giretric,active,grazing on aquatic plants,browsing herbivore,demersal,short and / or deep
Girella zebra,Girezebr,active,grazing on aquatic plants,browsing herbivore,demersal,short and / or deep
Gobiesox strumosus,Gobistru,ambush,hunting macrofauna (predator),benthic invertivore,demersal,elongated
Gobiidae sp.,Gobisp,ambush,hunting macrofauna (predator),benthic invertivore,benthic,elongated;fusiform / normal
Gobiosoma bosc,Gobibosc,ambush,browsing on substrate,benthic invertivore,benthic,elongated;fusiform / normal
Gobiosoma sp.,Gobisp.1,ambush,browsing on substrate,benthic invertivore,benthic,elongated;fusiform / normal
Gobius geniporus,Gobigeni,ambush,hunting macrofauna (predator),benthic invertivore,benthic,elongated;fusiform / normal
Gobius niger,Gobinige,ambush,hunting macrofauna (predator),benthic invertivore;planktivore,benthic,fusiform / normal
Gobius sp.,Gobisp.2,ambush,hunting macrofauna (predator),benthic invertivore,benthic,elongated;fusiform / normal
Gobiusculus flavescens,Gobiflav,ambush,selective plankton feeding,benthic invertivore;planktivore,benthic,elongated
Gymnapistes marmoratus,Gymnmarm,ambush,hunting macrofauna (predator),benthic invertivore,demersal,fusiform / normal
Haemulon plumieri,Haemplum,active,hunting macrofauna (predator),benthic invertivore;higher carnivore,demersal,fusiform / normal;short and / or deep
Haemulon sciurus,Haemsciu,active,hunting macrofauna (predator),benthic invertivore;higher carnivore,demersal,fusiform / normal
Halichoeres bivittatus,Halibivi,active,hunting macrofauna (predator),benthic invertivore;higher carnivore,demersal,fusiform / normal
Halichoeres chloropterus,Halichlo,active,hunting macrofauna (predator),benthic invertivore,demersal,fusiform / normal
Halichoeres garnoti,Haligarn,active,hunting macrofauna (predator),benthic invertivore,demersal,fusiform / normal
Halichoeres semicinctus,Halisemi,active,hunting macrofauna (predator),benthic invertivore,benthic,elongated;fusiform / normal
Halichoeres sp.,Halisp,active,variable,benthic invertivore,demersal,elongated;fusiform / normal
Halichoeres trimaculatus,Halitrim,active,variable,benthic invertivore,demersal,fusiform / normal
Harengula clupeola,Hareclup,active,selective plankton feeding,omnivore,pelagic non-site attached,fusiform / normal
Harengula jaguana,Harejagu,active,selective plankton feeding,planktivore,pelagic non-site attached,fusiform / normal
Helotes sexlineatus,Helosexl,active,hunting macrofauna (predator),benthic invertivore,demersal,fusiform / normal
Hemigrapsus oregonensis,Hemioreg,active,variable,omnivore,benthic,crab
Hemilepidotus hemilepidotus,Hemihemi,ambush,hunting macrofauna (predator),higher carnivore,benthic,elongated
Hemiramphus robustus,Hemirobu,active,hunting macrofauna (predator),higher carnivore,pelagic site attached,elongated
Heteroclinus perspicillatus,Hetepers,ambush,hunting macrofauna (predator),benthic invertivore,benthic,elongated
Heterostichus rostratus,Heterost,ambush,hunting macrofauna (predator),benthic invertivore,benthic,elongated
Hexagrammos agrammus,Hexaagra,active,hunting macrofauna (predator),benthic invertivore,demersal,elongated;fusiform / normal
Hexagrammos decagrammus,Hexadeca,active,hunting macrofauna (predator),higher carnivore,demersal,fusiform / normal
Hexagrammos lagocephalus,Hexalago,active,hunting macrofauna (predator),higher carnivore,demersal,fusiform / normal
Hexagrammos otakii,Hexaotak,active,hunting macrofauna (predator),higher carnivore,demersal,elongated
Hippichthys penicillus,Hipppeni,ambush,selective plankton feeding,planktivore,demersal,eel-like
Hippocampus procerus,Hippproc,ambush,selective plankton feeding,planktivore,demersal,other
Hippocampus sp.,Hippsp,ambush,hunting macrofauna (predator),benthic invertivore;planktivore,demersal,eel-like;other
Hippocampus whitei,Hippwhit,ambush,selective plankton feeding,planktivore,demersal,other
Hypomesus pretiosus,Hypopret,active,selective plankton feeding,benthic invertivore;planktivore,demersal,elongated
Hyporhamphus australis,Hypoaust,active,variable,omnivore,pelagic site attached,elongated
Hyporhamphus meeki,Hypomeek,active,variable,omnivore,pelagic site attached,fusiform / normal
Hyporhamphus regularis,Hyporegu,active,variable,omnivore,pelagic site attached,elongated;fusiform / normal
Hyporhamphus regularis ardelio,Hypoarde,active,variable,omnivore,pelagic site attached,elongated;fusiform / normal
Hyporhamphus rosae,Hyporosa,active,selective plankton feeding,planktivore,pelagic site attached,elongated;fusiform / normal
Hyporhamphus sp.,Hyposp,active,variable,omnivore,pelagic site attached,elongated;fusiform / normal
Hypsoblennius gentilis,Hypsgent,ambush,hunting macrofauna (predator),benthic invertivore,benthic,elongated
Hypsoblennius sordidus,Hypssord,ambush,variable,omnivore,benthic,fusiform / normal
Hypsurus caryi,Hypscary,active,hunting macrofauna (predator),benthic invertivore;planktivore,demersal;pelagic site attached,fusiform / normal;short and / or deep
Ilypnus gilberti,Ilypgilb,ambush,hunting macrofauna (predator),benthic invertivore,benthic,elongated;fusiform / normal
Isacia conceptionis,Isacconc,active,hunting macrofauna (predator),benthic invertivore,benthic,fusiform / normal;short and / or deep
Konosirus punctatus,Konopunc,active,selective plankton feeding,planktivore,pelagic non-site attached,fusiform / normal
Labroides dimidiatus,Labrdimi,active,picking parasites off a host (cleaner),cleaner,demersal,elongated
Labrus bergylta,Labrberg,active,hunting macrofauna (predator),benthic invertivore,demersal,fusiform / normal
Lactophrys trigonus,Lacttrig.1,active,variable,benthic invertivore,demersal,short and / or deep
Lactoria cornuta,Lactcorn,active,hunting macrofauna (predator),benthic invertivore,demersal,short and / or deep
Lagodon rhomboides,Lagorhom,active,hunting macrofauna (predator),omnivore,demersal,fusiform / normal
Lateolabrax japonicus,Latejapo,ambush,hunting macrofauna (predator),planktivore,pelagic non-site attached,fusiform / normal
Leiostomus xanthurus,Leioxant,active,hunting macrofauna (predator),benthic invertivore;higher carnivore,demersal,fusiform / normal
Lepidogobius lepidus,Lepilepi,ambush,variable,omnivore,benthic,fusiform / normal
Lepidopsetta sp.,Lepisp,ambush,hunting macrofauna (predator),benthic invertivore;higher carnivore,benthic,short and / or deep
Leptocottus armatus,Leptarma,ambush,hunting macrofauna (predator),higher carnivore,benthic,elongated
Leptojulis cyanopleura,Leptcyan,active,selective plankton feeding,benthic invertivore,demersal,fusiform / normal
Leptojulis sp.,Leptsp,active,selective plankton feeding,planktivore,demersal,elongated;fusiform / normal
Lethrinus atkinsoni,Lethatki,active,hunting macrofauna (predator),benthic invertivore,demersal,fusiform / normal
Lethrinus genivittatus,Lethgeni,active,hunting macrofauna (predator),benthic invertivore,demersal,fusiform / normal
Lethrinus laticaudis,Lethlati,active,hunting macrofauna (predator),benthic invertivore,demersal,fusiform / normal
Lethrinus nebulosus,Lethnebu,active,hunting macrofauna (predator),benthic invertivore,demersal,fusiform / normal
Lethrinus obsoletus,Lethobso,active,hunting macrofauna (predator),benthic invertivore,demersal,fusiform / normal
Lethrinus sp.,Lethsp,active,hunting macrofauna (predator),benthic invertivore,demersal,fusiform / normal
Limanda aspera,Limaaspe,ambush,hunting macrofauna (predator),benthic invertivore;higher carnivore,benthic,short and / or deep
Limanda limanda,Limalima,ambush,hunting macrofauna (predator),benthic invertivore;higher carnivore,benthic,short and / or deep
Liparis sp.,Lipasp,active,hunting macrofauna (predator),benthic invertivore,benthic,elongate
Liza argentea,Lizaarge,active,variable,omnivore,demersal,fusiform / normal
Liza aurata,Lizaaura,active,variable,omnivore,demersal,fusiform / normal
Liza sp.,Lizasp,active,browsing on substrate,omnivore,demersal,fusiform / normal
Lucania parva,Lucaparv,active,selective plankton feeding,planktivore,demersal,fusiform / normal
Lutjanus analis,Lutjanal,active,hunting macrofauna (predator),benthic invertivore,demersal,fusiform / normal
Lutjanus apodus,Lutjapod,active,hunting macrofauna (predator),benthic invertivore,demersal,fusiform / normal
Lutjanus griseus,Lutjgris,active,hunting macrofauna (predator),benthic invertivore,demersal,fusiform / normal
Lutjanus obsoletus,Lutjobso,active,hunting macrofauna (predator),benthic invertivore,demersal,fusiform / normal
Lutjanus russellii,Lutjruss,active,hunting macrofauna (predator),benthic invertivore,demersal,fusiform / normal
Lutjanus semicinctus,Lutjsemi,active,hunting macrofauna (predator),benthic invertivore,demersal,fusiform / normal
Lutjanus sp.,Lutjsp,active,hunting macrofauna (predator),benthic invertivore,demersal,fusiform / normal
Lutjanus vitta,Lutjvitt,active,hunting macrofauna (predator),benthic invertivore,demersal,fusiform / normal
Lysmata californica,Lysmcali,active,variable,benthic invertivore;cleaner,benthic,shrimp
Mallotus villosus,Mallvill,active,selective plankton feeding,benthic invertivore;planktivore,demersal,elongated
Menidia beryllina,Menibery,active,selective plankton feeding,benthic invertivore;planktivore,pelagic site attached,elongated
Menidia menidia,Menimeni,active,selective plankton feeding,benthic invertivore;planktivore,pelagic site attached,elongated
Menticirrhus ophicephalus,Mentophi,active,hunting macrofauna (predator),benthic invertivore,benthic,fusiform / normal
Merlangius merlangus,Merlmerl,ambush,hunting macrofauna (predator),benthic invertivore;higher carnivore,demersal,fusiform / normal
Metacarcinus magister,Metamagi,active,variable,omnivore,benthic,crab
Meuschenia trachylepis,Meustrac,active,grazing on aquatic plants,browsing herbivore,demersal,short and / or deep
Micrometrus minimus,Micrmini,active,variable,benthic invertivore;planktivore,demersal;pelagic site attached,fusiform / normal;short and / or deep
Monacanthus chinensis,Monachin,active,grazing on aquatic plants,omnivore,demersal,short and / or deep
Monodactylus argenteus,Monoarge,active,variable,planktivore,demersal,short and / or deep
Mugil cephalus,Mugiceph,active,browsing on substrate,omnivore,demersal,fusiform / normal
Mugil curema,Mugicure,active,variable,omnivore,demersal,fusiform / normal
Mugil sp.,Mugisp,active,variable,omnivore,demersal,fusiform / normal
Mullus barbatus,Mullbarb,active,hunting macrofauna (predator),benthic invertivore,demersal,fusiform / normal
Mullus surmuletus,Mullsurm,active,hunting macrofauna (predator),benthic invertivore,demersal,fusiform / normal
Muraena helena,Murahele,ambush,hunting macrofauna (predator),higher carnivore,benthic,eel-like
Mycteroperca tigris,Mycttigr,ambush,hunting macrofauna (predator),higher carnivore,demersal,fusiform / normal
Myoxocephalus aenaeus,Myoxaena,ambush,hunting macrofauna (predator),benthic invertivore,benthic,elongated;fusiform / normal
Myoxocephalus polyacanthocephalus,Myoxpoly,ambush,hunting macrofauna (predator),benthic invertivore;higher carnivore,benthic,fusiform / normal
Nautichthys oculofasciatus,Nautocul,ambush,hunting macrofauna (predator),benthic invertivore,benthic,elongated
Nesogobius maccullochi,Nesomacc,ambush,hunting macrofauna (predator),benthic invertivore,benthic,elongated;fusiform / normal
Oblada melanura,Oblamela,active,hunting macrofauna (predator),omnivore,demersal,fusiform / normal
Ocyurus chrysurus,Ocyuchry,active,hunting macrofauna (predator),benthic invertivore,demersal,fusiform / normal
Odontesthes sp.,Odonsp,active,selective plankton feeding,planktivore,pelagic site attached,elongated
Oligocottus maculosus,Oligmacu,ambush,hunting macrofauna (predator),benthic invertivore,benthic,elongated
Oligoplites saliens,Oligsali,active,hunting macrofauna (predator),higher carnivore;planktivore,pelagic non-site attached,fusiform / normal;short and / or deep
Oncorhynchus tshawytscha,Oncotsha,active,hunting macrofauna (predator),higher carnivore;planktivore,pelagic non-site attached,fusiform / normal
Opsanus tau,Opsatau,ambush,hunting macrofauna (predator),benthic invertivore;higher carnivore,benthic,fusiform / normal
Orthopristis chrysoptera,Orthchry,active,hunting macrofauna (predator),higher carnivore,demersal,short and / or deep
Ovalipes trimaculatus,Ovaltrim,active,hunting macrofauna (predator),benthic invertivore,benthic,crab
Pagurus perlatus,Paguperl,active,variable,omnivore,benthic,hermit crab
Palaemon elegans,Palaeleg,active,variable,omnivore,benthic,shrimp
Palaemon serratus,Palaserr,active,variable,omnivore,benthic,shrimp
Palaemon serrifer,Palaserr.1,active,browsing on substrate,scraping herbivore,benthic,shrimp
Palaemon sp.,Palasp,active,browsing on substrate,scraping herbivore,benthic,shrimp
Palaemon spp,Palaspp,active,selective plankton feeding,omnivore,benthic,shrimp
Palaemonetes pugio,Palapugi,active,variable,omnivore,benthic,shrimp
Palaemonetes spp.,Palaspp.1,active,variable,omnivore,benthic,shrimp
Parajulis poecilopterus,Parapoec,active,hunting macrofauna (predator),benthic invertivore,demersal,elongated;fusiform / normal
Paralabrax clathratus,Paraclat,ambush,hunting macrofauna (predator),benthic invertivore;higher carnivore,demersal,fusiform / normal
Paralabrax maculatofasciatus,Paramacu,ambush,hunting macrofauna (predator),benthic invertivore,benthic,fusiform / normal
Paralabrax nebulifer,Paranebu,ambush,hunting macrofauna (predator),benthic invertivore,benthic,fusiform / normal
Paralichthys albigutta,Paraalbi,ambush,hunting macrofauna (predator),benthic invertivore;higher carnivore,benthic,short and / or deep
Paralichthys californicus,Paracali,ambush,hunting macrofauna (predator),benthic invertivore;higher carnivore,benthic,short and / or deep
Paralichthys microps,Paramicr,ambush,hunting macrofauna (predator),benthic invertivore,benthic,short and / or deep
Paralichthys sp.,Parasp,ambush,hunting macrofauna (predator),benthic invertivore,benthic,fusiform / normal;short and / or deep
Parophrys vetulus,Parovetu,ambush,hunting macrofauna (predator),higher carnivore,benthic,short and / or deep
Parupeneus indicus,Paruindi,active,hunting macrofauna (predator),benthic invertivore,demersal,fusiform / normal
Pelates quadrilineatus,Pelaquad,active,hunting macrofauna (predator),benthic invertivore,demersal,fusiform / normal
Penaeus californicus,Penacali,active,variable,omnivore,benthic,shrimp
Penaeus esculentus,Penaescu,active,browsing on substrate,scraping herbivore,benthic,shrimp
Petroscirtes lupus,Petrlupu,ambush,variable,omnivore,benthic,elongated
Petroscirtes variabilis,Petrvari,ambush,hunting macrofauna (predator),scraping herbivore,benthic,elongated
Phanerodon furcatus,Phanfurc,active,variable,benthic invertivore;planktivore,demersal;pelagic site attached,fusiform / normal
Philypnodon grandiceps,Philgran,ambush,hunting macrofauna (predator),benthic invertivore,benthic,elongated
Pholis fangi,Pholfang,active,browsing on substrate,omnivore,benthic,eel-like
Pholis gunnellus,Pholgunn,active,browsing on substrate,omnivore,benthic,eel-like
Pholis laeta,Phollaet,active,browsing on substrate,omnivore,benthic,eel-like
Pholis ornata,Pholorna,active,browsing on substrate,omnivore,benthic,eel-like
Pholis sp.,Pholsp,active,browsing on substrate,omnivore,benthic,eel-like
Plagiotremus tapeinosoma,Plagtape,ambush,hunting macrofauna (predator),omnivore,benthic,elongated
Platichthys stellatus,Platstel,ambush,hunting macrofauna (predator),benthic invertivore,benthic,short and / or deep
Platycephalidae sp.,Platsp,ambush,hunting macrofauna (predator),higher carnivore,demersal,fusiform / normal
Platycephalus aurimaculatus,Platauri,ambush,hunting macrofauna (predator),benthic invertivore,demersal,fusiform / normal
Platycephalus fuscus,Platfusc,ambush,hunting macrofauna (predator),benthic invertivore,benthic,fusiform / normal
Pleuronectes platessa,Pleuplat,ambush,hunting macrofauna (predator),benthic invertivore,benthic,short and / or deep
Pleuronectiformes,Plrnctfr,ambush,hunting macrofauna (predator),benthic invertivore;higher carnivore,benthic,short and / or deep
Pleuronectinae,Plernctn,ambush,hunting macrofauna (predator),benthic invertivore;higher carnivore,benthic,short and / or deep
Pollachius pollachius,Pollpoll,ambush,hunting macrofauna (predator),benthic invertivore;higher carnivore,demersal,fusiform / normal
Pollachius virens,Pollvire,ambush,hunting macrofauna (predator),benthic invertivore;higher carnivore,demersal,fusiform / normal
Pomatoschistus marmoratus,Pomamarm,ambush,hunting macrofauna (predator),omnivore,benthic,fusiform / normal
Pomatoschistus minutus,Pomaminu.1,ambush,hunting macrofauna (predator),omnivore,benthic,fusiform / normal
Pomatoschistus sp.,Pomasp,ambush,hunting macrofauna (predator),benthic invertivore,benthic,elongated;fusiform / normal
Porocottus leptosomus,Porolept,ambush,hunting macrofauna (predator),benthic invertivore;higher carnivore,benthic,elongated
Portunus xantusii,Portxant,active,variable,omnivore,benthic,crab
Prionotus punctatus,Priopunc,ambush,hunting macrofauna (predator),benthic invertivore,demersal,fusiform / normal
Processa canaliculata,Proccana,active,variable,omnivore,benthic,shrimp
Psettichthys melanostictus,Psetmela,ambush,hunting macrofauna (predator),higher carnivore,benthic,short and / or deep
Pseudoblennius cottoides,Pseucott,ambush,hunting macrofauna (predator),benthic invertivore,benthic,elongated;fusiform / normal
Pseudolabrus guentheri,Pseuguen,active,hunting macrofauna (predator),benthic invertivore,demersal,fusiform / normal
Pseudomugil signifer,Pseusign,active,hunting macrofauna (predator),benthic invertivore,demersal,fusiform / normal
Pseudopleuronectes americanus,Pseuamer,ambush,hunting macrofauna (predator),benthic invertivore,benthic,short and / or deep
Pseudorhombus arsius,Pseuarsi,ambush,hunting macrofauna (predator),benthic invertivore;higher carnivore,benthic,short and / or deep
Pseudorhombus sp.,Pseusp,ambush,hunting macrofauna (predator),benthic invertivore;higher carnivore,benthic,fusiform / normal;short and / or deep
Pterogobius elapoides,Pterelap,ambush,selective plankton feeding,omnivore,benthic,elongated;fusiform / normal
Pugettia producta,Pugeprod,active,grazing on aquatic plants,browsing herbivore,benthic,crab
Pungitius pungitius,Pungpung,active,variable,benthic invertivore;planktivore,demersal,elongated
Repomucenus lunatus,Repoluna,ambush,browsing on substrate;hunting macrofauna (predator),benthic invertivore,benthic,elongated
Repomucenus macdonaldi,Repomacd,ambush,browsing on substrate,benthic invertivore,benthic,elongated
Rhacochilus toxotes,Rhactoxo,active,hunting macrofauna (predator),benthic invertivore;planktivore,demersal;pelagic site attached,fusiform / normal;short and / or deep
Rhacochilus vacca,Rhacvacc,active,hunting macrofauna (predator),benthic invertivore;planktivore,demersal;pelagic site attached,short and / or deep
Rhinobatos productus,Rhinprod,active,hunting macrofauna (predator),benthic invertivore;higher carnivore,benthic,other
Rhombosolea tapirina,Rhomtapi,ambush,hunting macrofauna (predator),benthic invertivore,benthic,short and / or deep
Romaleon setosum,Romaseto,active,hunting macrofauna (predator),benthic invertivore,benthic,crab
Rudarius ercodes,Rudaerco,active,browsing on substrate,benthic invertivore,pelagic site attached,short and / or deep
Salaria pavo,Salapavo,ambush,variable,omnivore,benthic,fusiform / normal
Salmo trutta trutta,Salmtrut,active,hunting macrofauna (predator),higher carnivore;planktivore,pelagic non-site attached,fusiform / normal
Sardinella aurita,Sardauri,active,selective plankton feeding,planktivore,pelagic non-site attached,fusiform / normal
Sardinella brasiliensis,Sardbras,active,selective plankton feeding,omnivore,pelagic non-site attached,fusiform / normal
Sardinops sagax,Sardsaga,active,selective plankton feeding,planktivore,pelagic site attached,fusiform / normal
Sarpa salpa,Sarpsalp,active,grazing on aquatic plants,browsing herbivore,demersal,fusiform / normal
Saurida nebulosa,Saurnebu,ambush,hunting macrofauna (predator),higher carnivore,benthic,elongated
Scartichthys gigas,Scargiga,ambush,variable,omnivore,benthic,elongated
Scartichthys viridis,Scarviri,ambush,grazing on aquatic plants,omnivore,benthic,elongated
Scarus ghobban,Scarghob,active,browsing on substrate,scraping herbivore,demersal,fusiform / normal
Sciaenops ocellatus,Sciaocel,active,hunting macrofauna (predator),benthic invertivore;higher carnivore,demersal,fusiform / normal
Scolopsis lineata,Scolline,active,hunting macrofauna (predator),benthic invertivore,demersal,fusiform / normal
Scolopsis sp.,Scolsp,active,hunting macrofauna (predator),benthic invertivore,demersal,fusiform / normal
Scolopsis trilineata,Scoltril,active,hunting macrofauna (predator),benthic invertivore,demersal,fusiform / normal
Scomberoides tala,Scomtala,active,hunting macrofauna (predator),higher carnivore,pelagic non-site attached,fusiform / normal
Scorpaenichthys marmoratus,Scormarm,ambush,hunting macrofauna (predator),higher carnivore,benthic,elongated
sculpin sp.,sculsp,ambush,hunting macrofauna (predator),benthic invertivore;higher carnivore,benthic,elongated;fusiform / normal
Scyliorhinus canicula,Scylcani,active,hunting macrofauna (predator),benthic invertivore,benthic,elongated
Scylla serrata,Scylserr,active,hunting macrofauna (predator),benthic invertivore,benthic,crab
Sebastes caurinus,Sebacaur,ambush,hunting macrofauna (predator),higher carnivore,demersal,fusiform / normal
Sebastes pachycephalus,Sebapach,ambush,hunting macrofauna (predator),higher carnivore,pelagic site attached,short and / or deep
Sebastes spp.,Sebaspp,ambush,hunting macrofauna (predator),higher carnivore,pelagic site attached,fusiform / normal;short and / or deep
Sebastiscus marmoratus,Sebamarm,ambush,hunting macrofauna (predator),higher carnivore,pelagic site attached,fusiform / normal
Sepia officinalis,Sepioffi,active,hunting macrofauna (predator),higher carnivore,demersal,squid
Sepia plangon,Sepiplan,active,hunting macrofauna (predator),higher carnivore,demersal,squid
Sepioteuthis australis,Sepiaust,active,hunting macrofauna (predator),higher carnivore,demersal,squid
Sepioteuthis lessoniana,Sepiless,active,hunting macrofauna (predator),higher carnivore,demersal,squid
Serranus scriba,Serrscri,ambush,hunting macrofauna (predator),benthic invertivore;higher carnivore,demersal,fusiform / normal
Siganus canaliculatus,Sigacana,active,grazing on aquatic plants,browsing herbivore,demersal,fusiform / normal
Siganus fuscescens,Sigafusc,active,grazing on aquatic plants,browsing herbivore,demersal,fusiform / normal
Siganus lineatus,Sigaline,active,grazing on aquatic plants,browsing herbivore,demersal,fusiform / normal
Siganus sp.,Sigasp,active,grazing on aquatic plants,browsing herbivore,demersal,fusiform / normal
Sillago ciliata,Sillcili,active,hunting macrofauna (predator),benthic invertivore,demersal,fusiform / normal
Sillago maculata,Sillmacu,active,hunting macrofauna (predator),benthic invertivore,demersal,elongated
Sillago sp.,Sillsp,active,hunting macrofauna (predator),benthic invertivore,demersal,elongated;fusiform / normal
Solea solea,Solesole,active;ambush,hunting macrofauna (predator),benthic invertivore,benthic,short and / or deep
Solea sp.,Solesp,active;ambush,hunting macrofauna (predator),benthic invertivore,benthic,short and / or deep
Sparisoma rubripinne,Sparrubr,active,browsing on substrate,scraping herbivore,demersal,fusiform / normal
Sparisoma viride,Sparviri,active,browsing on substrate,scraping herbivore,demersal,fusiform / normal
Sparus aurata,Sparaura,active,hunting macrofauna (predator),omnivore,demersal,fusiform / normal
Sparus sp.,Sparsp,active,hunting macrofauna (predator),higher carnivore,demersal,fusiform / normal
Sphoeroides maculatus,Sphomacu,active,hunting macrofauna (predator),benthic invertivore;higher carnivore,pelagic non-site attached,short and / or deep
Sphoeroides nephelus,Sphoneph,active,hunting macrofauna (predator),benthic invertivore,benthic,short and / or deep
Sphoeroides testudineus,Sphotest,active,hunting macrofauna (predator),benthic invertivore;higher carnivore,demersal,fusiform / normal
Sphyraena barracuda,Sphybarr,active,hunting macrofauna (predator),higher carnivore,demersal;pelagic non-site attached,elongated
Sphyraena borealis,Sphybore,active,hunting macrofauna (predator),higher carnivore,demersal,elongated
Sphyraena obtusata,Sphyobtu,active,hunting macrofauna (predator),higher carnivore,pelagic non-site attached,elongated
Spinachia spinachia,Spinspin,active,variable,benthic invertivore;planktivore,demersal,elongated
Spondyliosoma cantharus,Sponcant,active,variable,omnivore,demersal,fusiform / normal
Sprattus sprattus,Spraspra,active,selective plankton feeding,planktivore,pelagic non-site attached,fusiform / normal
Stephanolepis hispidus,Stephisp,active,grazing on aquatic plants,benthic invertivore,demersal,short and / or deep
Stigmatopora argus,Stigargu,ambush,hunting macrofauna (predator),benthic invertivore,demersal,eel-like
Strongylura exilis,Stroexil,active,hunting macrofauna (predator),higher carnivore,pelagic non-site attached,elongated
Strongylura marina,Stromari,active,hunting macrofauna (predator),higher carnivore,pelagic non-site attached,elongated
Symphodus cinereus,Sympcine,active,hunting macrofauna (predator),benthic invertivore,demersal,fusiform / normal
Symphodus melops,Sympmelo,active,hunting macrofauna (predator),benthic invertivore,demersal,fusiform / normal
Symphodus ocellatus,Sympocel,active,variable,benthic invertivore,demersal,fusiform / normal
Symphodus tinca,Symptinc,active,hunting macrofauna (predator),higher carnivore,demersal,fusiform / normal
Symphorus nematophorus,Sympnema,active,hunting macrofauna (predator),benthic invertivore,demersal,fusiform / normal
Syngnathus abaster,Syngabas,ambush,selective plankton feeding,benthic invertivore;planktivore,demersal,eel-like
Syngnathus acus,Syngacus,ambush,hunting macrofauna (predator),benthic invertivore;planktivore,demersal,eel-like
Syngnathus floridae,Syngflor,ambush,hunting macrofauna (predator),benthic invertivore;planktivore,demersal,eel-like
Syngnathus fuscus,Syngfusc,ambush,hunting macrofauna (predator),benthic invertivore;planktivore,demersal,eel-like
Syngnathus leptorhynchus,Synglept,ambush,hunting macrofauna (predator),benthic invertivore;planktivore,demersal,eel-like
Syngnathus sp.,Syngsp,ambush,selective plankton feeding,benthic invertivore;planktivore,demersal,eel-like;other
Syngnathus typhle,Syngtyph,ambush,selective plankton feeding,benthic invertivore;planktivore,demersal,eel-like
Synodus foetens,Synofoet,ambush,hunting macrofauna (predator),higher carnivore,benthic,elongated
Synodus myops,Synomyop,ambush,hunting macrofauna (predator),higher carnivore,benthic,elongated
Takifugu niphobles,Takiniph,active,hunting macrofauna (predator),benthic invertivore,demersal,fusiform / normal;short and / or deep
Taliepus dentatus,Talident,active,grazing on aquatic plants,omnivore,benthic,crab
Taurulus bubalis,Taurbuba,ambush,hunting macrofauna (predator),benthic invertivore;higher carnivore,benthic,fusiform / normal
Tetractenos glaber,Tetrglab,active,hunting macrofauna (predator),benthic invertivore,demersal,fusiform / normal;short and / or deep
Tetractenos hamiltoni,Tetrhami,active,hunting macrofauna (predator),benthic invertivore;higher carnivore,demersal,short and / or deep
Thalassoma bifasciatum,Thalbifa,active,selective plankton feeding,benthic invertivore,demersal,fusiform / normal
Thalassoma sp.,Thalsp,active,variable,benthic invertivore;higher carnivore,demersal,elongated;fusiform / normal
Torquigener sp.,Torqsp,active,hunting macrofauna (predator),benthic invertivore,demersal,fusiform / normal;short and / or deep
Tozeuma carolinense,Tozecaro,active,grazing on aquatic plants,scraping herbivore,benthic,shrimp
Trachinotus blochii,Tracbloc,active,hunting macrofauna (predator),benthic invertivore,pelagic non-site attached,short and / or deep
Trachinotus botla,Tracbotl,active,hunting macrofauna (predator),benthic invertivore,pelagic non-site attached,fusiform / normal
Trichechus manatus,Tricmana,active,grazing on aquatic plants,browsing herbivore,benthic,mammal
Umbrina roncador,Umbrronc,active,hunting macrofauna (predator),benthic invertivore;higher carnivore,demersal,fusiform / normal
Upeneus tragula,Upentrag,active,hunting macrofauna (predator),benthic invertivore,demersal,fusiform / normal
Urobatis jamaicensis,Urobjama,active;ambush,hunting macrofauna (predator),benthic invertivore,benthic,other
Urocampus carinirostris,Uroccari,ambush,selective plankton feeding,planktivore,demersal,eel-like
Urophycis regia,Uropregi,ambush,hunting macrofauna (predator),benthic invertivore,benthic,fusiform / normal
Xiphister atropurpureus,Xiphatro,ambush,browsing on substrate,omnivore,benthic,eel-like
Zebrasoma scopas,Zebrscop,active,browsing on substrate,browsing herbivore,demersal,short and / or deep
Zosterisessor ophiocephalus,Zostophi,ambush,hunting macrofauna (predator),benthic invertivore;higher carnivore,benthic,fusiform / normal
