Keep,AutoCtr,StockCode,sciname,FamCode,PopLWRef,LengthMin,LengthMax,Type,LmaxCompare,EsQ,Number,Sex,a,aTL,b,CoeffDetermination,SEa,SEb,SDa,SDb,LCLa,UCLa,LCLb,UCLb,Method,Locality,DataRef,C_Code,Comment,Entered,DateEntered,Modified,DateModified,Expert,DateChecked,TS,SpecCode
Y,5741,4028,Acanthogobius flavimanus,405,30504,15.3,15.3,TL,NA,NA,1,unsexed,0.01103,0.01103,3,NA,NA,NA,NA,NA,NA,NA,NA,NA,single L-W pair with b=3,NA,NA,NA,Estimated from length-weight pairs in the BRAINS table.,1,1999-06-15T00:00:00.000Z,NA,1999-06-15T00:00:00.000Z,NA,NA,NA,3832
,5727,4016,Ammodytes americanus,402,4667,NA,NA,NA,NA,NA,120,female,0.0014,NA,3.085,0.9293,NA,NA,NA,NA,NA,NA,NA,NA,type I linear regression,"Block Island Sound, Rhode Island",4667,840,Postspawning.,3,1992-09-01T00:00:00.000Z,NA,1993-05-24T00:00:00.000Z,3,1995-04-05T00:00:00.000Z,NA,3820
,5728,4016,Ammodytes americanus,402,4667,NA,NA,NA,NA,NA,109,female,0.0014,NA,3.321,0.97023,NA,NA,NA,NA,NA,NA,NA,NA,type I linear regression,"Merrimac River, New Hampshire",4667,840,Prespawning,3,1992-09-01T00:00:00.000Z,NA,1998-06-02T00:00:00.000Z,3,1995-04-05T00:00:00.000Z,NA,3820
Y,5729,4016,Ammodytes americanus,402,4667,NA,NA,NA,NA,NA,128,male,0.001,NA,3.491,0.97614,NA,NA,NA,NA,NA,NA,NA,NA,type I linear regression,"Block Island Sound, Rhode Island",4667,840,Postspawning.,3,1992-09-01T00:00:00.000Z,NA,1993-05-24T00:00:00.000Z,3,1995-04-05T00:00:00.000Z,NA,3820
Y,2058,561,Anchoa mitchilli,454,4528,2.6,8.4,FL,NA,NA,1004,unsexed,0.00436,NA,3.18,0.9801,NA,NA,NA,NA,NA,NA,NA,NA,type I linear regression,"Chesapeake Bay, 1987 (spring)",4528,840,NA,3,2000-12-15T00:00:00.000Z,NA,2000-12-15T00:00:00.000Z,NA,NA,NA,545
,2059,561,Anchoa mitchilli,454,4528,4.9,7.9,TL,NA,NA,216,unsexed,0.0171,0.0171,2.814,NA,NA,NA,NA,NA,NA,NA,NA,NA,type I linear regression,"Gulf of Mexico, Louisiana & Mississippi",4528,840,NA,3,1992-08-04T00:00:00.000Z,NA,1993-02-25T00:00:00.000Z,NA,NA,NA,545
,36536,561,Anchoa mitchilli,NA,95265,1.5,6.5,SL,NA,NA,2193,unsexed,0.003,NA,3.641,0.973,NA,0.013,NA,NA,NA,NA,3.616,3.667,Type I linear regression,"Celestun lagoon, Yucatan, 1990-2006",95265,484,Weight range: 0.01 - 2.75 g. Lm = 4.0 cm.,393,2015-04-02T00:00:00.000Z,NA,2015-04-02T00:00:00.000Z,NA,NA,NA,545
,1819,455,Archosargus probatocephalus,330,6937,27.1,27.1,FL,NA,NA,1,unsexed,0.0188,NA,3.091,1,0,0,NA,NA,NA,NA,NA,NA,other,Southern Florida,6937,840,"Preliminary estimate; intercept forced through a point at or close to the origin by adding a ""zero"" data point.",82,1994-05-13T00:00:00.000Z,3,2011-07-29T00:00:00.000Z,NA,NA,NA,441
,1820,455,Archosargus probatocephalus,330,7086,0.9,59.1,SL,NA,NA,282,unsexed,0.0296,0.01478,3.045,0.98605,NA,NA,NA,NA,NA,NA,NA,NA,type I linear regression,North Carolina,7086,840,NA,3,1994-06-14T00:00:00.000Z,NA,1998-06-02T00:00:00.000Z,NA,NA,NA,441
,1821,455,Archosargus probatocephalus,330,7121,NA,NA,NA,NA,NA,NA,female,0.053,NA,2.85,0.92544,NA,NA,NA,NA,NA,NA,NA,NA,type I linear regression,"Louisiana waters, 1987-88",7121,840,NA,3,1994-06-18T00:00:00.000Z,3,1994-06-18T00:00:00.000Z,3,1995-04-02T00:00:00.000Z,NA,441
,1822,455,Archosargus probatocephalus,330,7121,NA,NA,NA,NA,NA,NA,male,0.0448,NA,2.88,0.94284,NA,NA,NA,NA,NA,NA,NA,NA,type I linear regression,"Louisiana waters, 1987-88",7121,840,NA,3,1994-06-18T00:00:00.000Z,3,1994-06-18T00:00:00.000Z,3,1995-04-02T00:00:00.000Z,NA,441
,1823,455,Archosargus probatocephalus,330,80009,4.4,18,TL,NA,NA,22,mixed,0.00789,NA,3.327,0.99401,0.134,0.048,NA,NA,NA,NA,NA,NA,type I linear regression,"Espirito Santo (0°S - 25°S), 2003-2004",80009,76,NA,3,2009-01-20T00:00:00.000Z,2,2014-05-15T00:00:00.000Z,NA,NA,NA,441
Y,36557,455,Archosargus probatocephalus,NA,95265,3.8,16,SL,NA,NA,137,unsexed,0.0438,NA,2.927,0.974,NA,0.041,NA,NA,NA,NA,2.846,3.008,Type I linear regression,"Celestun lagoon, Yucatan, 1990-2006",95265,484,Weight range: 1.50 - 140.88 g.,393,2015-04-02T00:00:00.000Z,NA,2015-04-02T00:00:00.000Z,NA,NA,NA,441
,4009,1892,Atherina boyeri,218,5455,NA,NA,NA,NA,NA,329,unsexed,0.00347,NA,3.27,0.94673,NA,NA,NA,NA,NA,NA,NA,NA,type I linear regression,"Aberthaw Lagoon, Bristol Channel, 1986-87",5455,826A,NA,3,1993-07-05T00:00:00.000Z,NA,1993-07-10T00:00:00.000Z,NA,NA,NA,1696
,4010,1892,Atherina boyeri,218,27610,NA,NA,TL,NA,Yes,2543,mixed,0.0049,0.0049,3.21,0.9604,NA,NA,NA,NA,NA,NA,NA,NA,type I linear regression,"Lake Trichonis, 1988-90",27729,300,Used 'net weight'.,3,1998-11-30T00:00:00.000Z,3,2012-03-08T00:00:00.000Z,NA,NA,NA,1696
,4011,1892,Atherina boyeri,218,36159,2.4,9.7,TL,NA,NA,269,female,0.036,0.036,2.303,0.8649,NA,NA,NA,NA,NA,NA,NA,NA,type I linear regression,"Lake Trasimeno, 1986-87",36159,380,NA,363,2000-10-09T00:00:00.000Z,3,2000-09-10T00:00:00.000Z,NA,NA,NA,1696
,4012,1892,Atherina boyeri,218,36159,3.3,8.7,TL,NA,NA,251,male,0.0185,0.0185,2.627,0.8281,NA,NA,NA,NA,NA,NA,NA,NA,type I linear regression,"Lake Trasimeno, 1986-87",36159,380,NA,363,2000-10-09T00:00:00.000Z,3,2000-09-10T00:00:00.000Z,NA,NA,NA,1696
,4013,1892,Atherina boyeri,218,50467,NA,NA,TL,NA,yes,11,unsexed,0.06,NA,2.23,0.83906,NA,NA,NA,NA,NA,NA,NA,NA,type I linear regression,"Lake Albufera, 2000 (summer)",50467,724,NA,3,2008-10-29T00:00:00.000Z,3,2012-03-30T00:00:00.000Z,NA,NA,NA,1696
,4014,1892,Atherina boyeri,218,50929,NA,NA,FL,NA,NA,NA,female,0.00587,0.00476,3.25,0.95844,NA,NA,NA,NA,NA,NA,NA,NA,type I linear regression,"Mar Menor lagoon, SE Iberian Peninsula, 1997-98",50929,724,NA,3,2004-04-12T00:00:00.000Z,NA,2017-04-04T00:00:00.000Z,NA,NA,NA,1696
,4015,1892,Atherina boyeri,218,50929,NA,NA,FL,NA,NA,NA,male,0.00591,0.0048,3.22,0.97023,NA,NA,NA,NA,NA,NA,NA,NA,type I linear regression,"Mar Menor lagoon, SE Iberian Peninsula, 1997-98",50929,724,NA,3,2004-04-12T00:00:00.000Z,NA,2017-04-04T00:00:00.000Z,NA,NA,NA,1696
,4016,1892,Atherina boyeri,218,50932,3.6,9.7,TL,NA,NA,86,unsexed,0.0074,0.0074,2.975,0.97812,NA,NA,NA,NA,NA,NA,NA,NA,type I linear regression,"Porto-Lagos, NE Aegean, 1988-90",50932,300,NA,3,2004-04-17T00:00:00.000Z,NA,2017-04-04T00:00:00.000Z,NA,NA,NA,1696
,4017,1892,Atherina boyeri,218,50932,1.1,11.5,TL,NA,NA,706,unsexed,0.0075,0.0075,3.023,0.98605,NA,NA,NA,NA,NA,NA,NA,NA,type I linear regression,"Strymon estuary, NW Aegean, 1997-99",50932,300,NA,3,2004-04-17T00:00:00.000Z,NA,2017-04-04T00:00:00.000Z,NA,NA,NA,1696
,4018,1892,Atherina boyeri,218,50932,2.5,10.7,TL,NA,NA,158,unsexed,0.0096,0.0096,2.891,0.98089,NA,NA,NA,NA,NA,NA,NA,NA,type I linear regression,"Rihios estuary, NW Aegean, 1997-99",50932,300,NA,3,2004-04-17T00:00:00.000Z,NA,2017-04-04T00:00:00.000Z,NA,NA,NA,1696
,36254,1892,Atherina boyeri,NA,53342,6.2,11.4,TL,NA,NA,149,unsexed,0.006,NA,3.151,0.934,NA,0.035,NA,NA,NA,NA,NA,NA,Type I linear regression,"North Aegean Sea (Thracian Sea) (39°35’-40°54’N; 24°22’-25°33’E), 1996-98",53342,300,NA,393,2014-11-28T00:00:00.000Z,NA,2014-11-28T00:00:00.000Z,NA,NA,NA,1696
Y,4019,1892,Atherina boyeri,218,59098,3.9,9.4,FL,NA,NA,1936,unsexed,0.00558,NA,3.26,0.97023,NA,0.013,NA,NA,NA,NA,NA,NA,type I linear regression,"Segura River basin (reservoirs), 2000-2004",59098,724,NA,3,2008-10-30T00:00:00.000Z,3,2011-11-17T00:00:00.000Z,NA,NA,NA,1696
,4020,1892,Atherina boyeri,218,59105,3.9,11.1,TL,NA,NA,15,unsexed,0.0035,NA,3.31,0.992,NA,0.036,NA,NA,NA,NA,NA,NA,type I linear regression,"Küçükçekmece Lagoon, Marmara, 1971-74; 1981 (May-Jun.)",59105,792,NA,3,2009-05-18T00:00:00.000Z,NA,2011-05-20T00:00:00.000Z,NA,NA,NA,1696
,4021,1892,Atherina boyeri,218,59105,7.7,12.9,TL,NA,NA,442,unsexed,0.0159,NA,2.66,0.826,NA,0.009,NA,NA,NA,NA,NA,NA,type I linear regression,"Ömerli Dam, Marmara, 2002-2004",59105,792,NA,3,2009-05-18T00:00:00.000Z,NA,2011-05-20T00:00:00.000Z,NA,NA,NA,1696
,4022,1892,Atherina boyeri,218,59118,3.6,9.8,TL,NA,NA,185,unsexed,0.007,NA,2.95,0.978,NA,NA,NA,NA,NA,NA,NA,NA,type I linear regression,"River Neretva estuary, middle Adriatic, 2000-2004",59118,191,NA,3,2009-05-06T00:00:00.000Z,NA,2009-05-07T00:00:00.000Z,NA,NA,NA,1696
,4023,1892,Atherina boyeri,218,59118,4.5,15.7,TL,NA,NA,710,unsexed,0.0075,NA,2.975,0.98,NA,NA,NA,NA,NA,NA,NA,NA,type I linear regression,"River Mirna estuary, northern Adriatic, 2000-2004",59118,191,NA,3,2009-05-04T00:00:00.000Z,NA,2009-05-07T00:00:00.000Z,NA,NA,NA,1696
,4024,1892,Atherina boyeri,218,59118,2.5,10.6,TL,NA,NA,385,unsexed,0.0095,NA,2.85,0.981,NA,NA,NA,NA,NA,NA,NA,NA,type I linear regression,"River Cetina estuary, middle Adriatic, 2000-2004",59118,191,NA,3,2009-05-04T00:00:00.000Z,NA,2009-05-07T00:00:00.000Z,NA,NA,NA,1696
,10297,1892,Atherina boyeri,218,88088,7.6,11.7,TL,NA,NA,14,unsexed,0.0015,NA,3.485,0.992,NA,NA,NA,NA,NA,NA,3.265,3.705,type I linear regression,"northern Sea of Marmara, 2006-2007 (Nov.-Mar.)",88088,792,NA,3,2011-11-10T00:00:00.000Z,NA,2011-11-11T00:00:00.000Z,NA,NA,NA,1696
N,10298,1892,Atherina boyeri,218,88089,2.5,11.2,TL,NA,NA,606,unsexed,0.0045,NA,3.215,0.974,NA,0.042,NA,NA,NA,NA,NA,NA,Type II linear regression,"Erdek Bay (27°20'- 27°52' E; 40°18'-40°28' N), Sea of Marmara, 2000-2001",88089,792,NA,3,2011-11-10T00:00:00.000Z,3,2012-03-15T00:00:00.000Z,NA,NA,NA,1696
,35991,1892,Atherina boyeri,NA,91093,1,9.4,TL,NA,NA,1558,unsexed,0.0043,0.0043,3.187,0.972,NA,NA,NA,NA,NA,NA,NA,NA,Type I linear regression,"Candarli Bay, north Aegean Sea, 2006-2008",91093,792,NA,393,2014-07-29T00:00:00.000Z,NA,2014-07-29T00:00:00.000Z,NA,NA,NA,1696
,8265,7830,Atherinella brasiliensis,623,39376,2.7,15.5,TL,NA,yes,37,unsexed,0.00328,0.00328,3.333,0.99202,NA,NA,NA,NA,NA,NA,NA,NA,type I linear regression,Rio Grande do Sul (28°-34°S),39376,76,NA,3,2001-08-14T00:00:00.000Z,113,2007-03-21T00:00:00.000Z,NA,NA,NA,7526
,8266,7830,Atherinella brasiliensis,NA,71685,6.1,11.4,TL,NA,NA,15,Unsexed,0.0036,NA,3.31,0.993,NA,NA,NA,NA,NA,NA,NA,NA,type I linear regression,"Northern region (Curuçá Estuary), Pará, 2003-2004",71685,76,NA,564,2009-11-13T00:00:00.000Z,3,2010-04-29T00:00:00.000Z,NA,NA,NA,7526
,8267,7830,Atherinella brasiliensis,NA,83779,NA,NA,TL,NA,NA,NA,Female,0.00487,NA,3.2,0.987,NA,NA,NA,NA,NA,NA,NA,NA,type I linear regression,"Tramandaí Lagoon - Imbé city, Rio Grande do Sul, 1993-1994",83779,76,NA,564,2009-11-13T00:00:00.000Z,3,2010-04-29T00:00:00.000Z,NA,NA,NA,7526
,8268,7830,Atherinella brasiliensis,NA,83779,NA,NA,TL,NA,NA,NA,Male,0.00486,NA,3.2,0.987,NA,NA,NA,NA,NA,NA,NA,NA,type I linear regression,"Tramandaí Lagoon - Imbé city, Rio Grande do Sul, 1993-1994",83779,76,NA,564,2009-11-13T00:00:00.000Z,3,2010-04-29T00:00:00.000Z,NA,NA,NA,7526
,8269,7830,Atherinella brasiliensis,NA,83779,NA,NA,TL,NA,NA,NA,Mixed,0.0049,NA,3.2,0.989,NA,NA,NA,NA,NA,NA,NA,NA,type I linear regression,"Tramandaí Lagoon - Imbé city, Rio Grande do Sul, 1993-1994",83779,76,NA,564,2009-11-13T00:00:00.000Z,3,2010-04-29T00:00:00.000Z,NA,NA,NA,7526
,35580,7830,Atherinella brasiliensis,NA,91126,2.4,7.1,TL,NA,NA,16,unsexed,0.00727,NA,2.91,0.965,NA,NA,NA,NA,NA,NA,2.63,3.19,Type I linear regression,"Praia dos Castelhanos, Espírito Santo, 2005-07",91126,76,NA,393,2014-04-23T00:00:00.000Z,NA,2014-04-23T00:00:00.000Z,NA,NA,NA,7526
Y,36126,7830,Atherinella brasiliensis,NA,97037,1,17.7,TL,NA,NA,7164,unsexed,0.005,NA,3.013,0.95,NA,0.008,NA,NA,NA,NA,2.997,3.028,Type I linear regression,"Marica, Sacuarema, Araruama coastal lagoons, South western Brazil / 2011.",NA,76,NA,65,2014-08-14T00:00:00.000Z,NA,2014-08-14T00:00:00.000Z,NA,NA,NA,7526
,5255,3431,Atherinops affinis,623,59092,4.4,17.7,SL,NA,Yes,198,mixed,0.04,NA,2.5,NA,NA,NA,NA,NA,NA,NA,NA,NA,type I linear regression,"coastal streams' mouths, northwestern Baja California (32°23'01"" N--30°02'32.5"" N), 1983-97",59092,484,NA,3,2008-12-15T00:00:00.000Z,65,2015-06-23T00:00:00.000Z,NA,NA,NA,3235
Y,36709,3431,Atherinops affinis,NA,72146,4.4,17.7,TL,NA,NA,198,unsexed,0.04,NA,2.5,0.97,NA,NA,NA,NA,NA,NA,NA,NA,Type I linear regression,northwestern Baja California / 1983-1997,NA,484,NA,65,2015-07-02T00:00:00.000Z,NA,2015-07-02T00:00:00.000Z,NA,NA,NA,3235
,2936,1181,Bairdiella chrysoura,331,4480,NA,NA,SL,NA,NA,NA,female,0.024,NA,2.927,0.9604,NA,NA,NA,NA,NA,NA,NA,NA,type I linear regression,"Terminos Lagoon, Gulf of Mexico",4480,484,NA,3,1992-07-25T00:00:00.000Z,NA,2004-09-18T00:00:00.000Z,NA,NA,NA,1165
,2937,1181,Bairdiella chrysoura,331,4480,NA,NA,SL,NA,NA,NA,male,0.0129,NA,3.179,0.9006,NA,NA,NA,NA,NA,NA,NA,NA,type I linear regression,"Terminos Lagoon, Gulf of Mexico",4480,484,NA,3,2004-09-18T00:00:00.000Z,NA,2004-09-18T00:00:00.000Z,NA,NA,NA,1165
Y,36561,1181,Bairdiella chrysoura,NA,95265,4,19.4,SL,NA,NA,231,unsexed,0.0174,NA,3.053,0.972,NA,0.034,NA,NA,NA,NA,2.986,3.12,Type I linear regression,"Celestun lagoon, Yucatan, 1990-2006",95265,484,Weigh range: 1.5 - 122.46 g. Lm = 9.3 cm.,393,2015-04-02T00:00:00.000Z,NA,2015-04-02T00:00:00.000Z,NA,NA,NA,1165
Y,35596,4033,Bathygobius soporator,NA,91126,1.1,8.5,TL,NA,NA,195,unsexed,0.0109,NA,3.08,0.989,NA,NA,NA,NA,NA,NA,3.04,3.13,Type I linear regression,"Praia dos Castelhanos, Espírito Santo, 2005-07",91126,76,NA,393,2014-04-23T00:00:00.000Z,NA,2014-04-23T00:00:00.000Z,NA,NA,NA,3837
,36477,4033,Bathygobius soporator,NA,95249,NA,NA,TL,NA,NA,41,unsexed,0.019,0.019,2.744,0.81,NA,NA,NA,NA,NA,NA,2.731,2.757,Type I linear regression,"Ologe Lagoon, 3° 2'E to 3° 7'E; 6°27'N to 6°30'N, 2007",95249,566,"Condition factor: 4.94, mean L: 13.17 cm, mean W: 56.93 g.",393,2015-03-18T00:00:00.000Z,NA,2015-03-18T00:00:00.000Z,NA,NA,NA,3837
,36141,4033,Bathygobius soporator,NA,97037,3.3,11.9,TL,NA,NA,25,unsexed,0.01,NA,3.117,0.98,NA,0.088,NA,NA,NA,NA,2.935,3.298,Type I linear regression,"Marica, Sacuarema, Araruama coastal lagoons, South western Brazil / 2011.",NA,76,NA,65,2014-08-14T00:00:00.000Z,NA,2014-08-14T00:00:00.000Z,NA,NA,NA,3837
Y,5824,4250,Blepsias cirrhosus,585,75017,10,19,TL,NA,NA,33,mixed,0.0088,NA,3.0278,0.95063,NA,NA,NA,NA,NA,NA,NA,NA,type I linear regression,Northern Primorye,NA,643,NA,1287,2008-04-04T00:00:00.000Z,NA,2008-04-04T00:00:00.000Z,NA,NA,NA,4054
Y,35851,475,Cheilodactylus variegatus,NA,95867,22.9,44,TL,NA,NA,94,unsexed,0.0208,0.0208,2.969,0.39,NA,1.023,NA,NA,NA,NA,NA,NA,Type I linear regression,Northern and central coast of Chile/ 2004-2005; 2012-2013.,NA,152,NA,65,2014-06-23T00:00:00.000Z,NA,2014-06-23T00:00:00.000Z,NA,NA,NA,461
,1963,523,Chelidonichthys kumu,266,9049,32,43,FL,NA,NA,6,female,0.0111,NA,3,NA,NA,NA,NA,NA,NA,NA,NA,NA,other,EEZ,9049,554,Computed from mean length and weight in Table 1.,3,1995-03-30T00:00:00.000Z,3,1995-03-30T00:00:00.000Z,3,1995-04-08T00:00:00.000Z,NA,507
Y,1964,523,Chelidonichthys kumu,266,9072,NA,NA,FL,NA,NA,NA,mixed,0.00998,NA,2.99,NA,NA,NA,NA,NA,NA,NA,NA,NA,type I linear regression,Hauraki Gulf,1355,554,NA,3,1996-11-02T00:00:00.000Z,NA,1996-11-02T00:00:00.000Z,NA,NA,NA,507
,10942,32,Clupea harengus,NA,268,NA,NA,TL,NA,NA,NA,unsexed,0.00453,NA,3.1915,NA,NA,NA,NA,NA,NA,NA,NA,NA,Type I linear regression,Irish Sea and Clyde (April),NA,826,NA,65,2012-08-06T00:00:00.000Z,NA,2012-08-06T00:00:00.000Z,NA,NA,NA,24
,10941,32,Clupea harengus,NA,268,NA,NA,TL,NA,NA,NA,unsexed,0.00459,NA,3.1915,NA,NA,NA,NA,NA,NA,NA,NA,NA,Type I linear regression,Irish Sea and Clyde (March),NA,826,NA,65,2012-08-06T00:00:00.000Z,NA,2012-08-06T00:00:00.000Z,NA,NA,NA,24
,10943,32,Clupea harengus,NA,268,NA,NA,TL,NA,NA,NA,unsexed,0.00465,NA,3.1915,NA,NA,NA,NA,NA,NA,NA,NA,NA,Type I linear regression,Irish Sea and Clyde (May),NA,826,NA,65,2012-08-06T00:00:00.000Z,NA,2012-08-06T00:00:00.000Z,NA,NA,NA,24
,10950,32,Clupea harengus,NA,268,NA,NA,TL,NA,NA,NA,unsexed,0.00487,NA,3.1915,NA,NA,NA,NA,NA,NA,NA,NA,NA,Type I linear regression,Irish Sea and Clyde (December),NA,826,NA,65,2012-08-06T00:00:00.000Z,NA,2012-08-06T00:00:00.000Z,NA,NA,NA,24
,117,32,Clupea harengus,43,268,NA,NA,TL,NA,NA,NA,unsexed,0.00497,NA,3.192,NA,NA,NA,NA,NA,NA,NA,NA,NA,type I linear regression,Irish Sea and Clyde (annual mean),NA,826,NA,3,1992-07-15T00:00:00.000Z,65,2012-08-06T00:00:00.000Z,NA,NA,NA,24
,10944,32,Clupea harengus,NA,268,NA,NA,TL,NA,NA,NA,unsexed,0.00499,NA,3.1915,NA,NA,NA,NA,NA,NA,NA,NA,NA,Type I linear regression,Irish Sea and Clyde (June),NA,826,NA,65,2012-08-06T00:00:00.000Z,NA,2012-08-06T00:00:00.000Z,NA,NA,NA,24
,10939,32,Clupea harengus,NA,268,NA,NA,TL,NA,NA,NA,unsexed,0.005,NA,3.1915,NA,NA,NA,NA,NA,NA,NA,NA,NA,Type I linear regression,Irish Sea and Clyde (January),NA,826,NA,65,2012-08-06T00:00:00.000Z,NA,2012-08-06T00:00:00.000Z,NA,NA,NA,24
,10948,32,Clupea harengus,NA,268,NA,NA,TL,NA,NA,NA,unsexed,0.00508,NA,3.1915,NA,NA,NA,NA,NA,NA,NA,NA,NA,Type I linear regression,Irish Sea and Clyde (October),NA,826,NA,65,2012-08-06T00:00:00.000Z,NA,2012-08-06T00:00:00.000Z,NA,NA,NA,24
,10958,32,Clupea harengus,NA,268,NA,NA,TL,NA,NA,NA,unsexed,0.0051,NA,3.0904,NA,NA,NA,NA,NA,NA,NA,NA,NA,Type I linear regression,North Rona and all North Sea (April),NA,NA,NA,65,2012-08-06T00:00:00.000Z,NA,2012-08-06T00:00:00.000Z,NA,NA,NA,24
,10949,32,Clupea harengus,NA,268,NA,NA,TL,NA,NA,NA,unsexed,0.0051,NA,3.1915,NA,NA,NA,NA,NA,NA,NA,NA,NA,Type I linear regression,Irish Sea and Clyde (November),NA,826,NA,65,2012-08-06T00:00:00.000Z,NA,2012-08-06T00:00:00.000Z,NA,NA,NA,24
,10945,32,Clupea harengus,NA,268,NA,NA,TL,NA,NA,NA,unsexed,0.00511,NA,3.1915,NA,NA,NA,NA,NA,NA,NA,NA,NA,Type I linear regression,Irish Sea and Clyde (July),NA,826,NA,65,2012-08-06T00:00:00.000Z,NA,2012-08-06T00:00:00.000Z,NA,NA,NA,24
,10940,32,Clupea harengus,NA,268,NA,NA,TL,NA,NA,NA,unsexed,0.00515,NA,3.1915,NA,NA,NA,NA,NA,NA,NA,NA,NA,Type I linear regression,Irish Sea and Clyde (February),NA,826,NA,65,2012-08-06T00:00:00.000Z,NA,2012-08-06T00:00:00.000Z,NA,NA,NA,24
,10957,32,Clupea harengus,NA,268,NA,NA,TL,NA,NA,NA,unsexed,0.0052,NA,3.0904,NA,NA,NA,NA,NA,NA,NA,NA,NA,Type I linear regression,North Rona and all North Sea (March),NA,NA,NA,65,2012-08-06T00:00:00.000Z,NA,2012-08-06T00:00:00.000Z,NA,NA,NA,24
,10947,32,Clupea harengus,NA,268,NA,NA,TL,NA,NA,NA,unsexed,0.0052,NA,3.1915,NA,NA,NA,NA,NA,NA,NA,NA,NA,Type I linear regression,Irish Sea and Clyde (September),NA,826,NA,65,2012-08-06T00:00:00.000Z,NA,2012-08-06T00:00:00.000Z,NA,NA,NA,24
,10946,32,Clupea harengus,NA,268,NA,NA,TL,NA,NA,NA,unsexed,0.00531,NA,3.1915,NA,NA,NA,NA,NA,NA,NA,NA,NA,Type I linear regression,Irish Sea and Clyde (August),NA,826,NA,65,2012-08-06T00:00:00.000Z,NA,2012-08-06T00:00:00.000Z,NA,NA,NA,24
,10956,32,Clupea harengus,NA,268,NA,NA,TL,NA,NA,NA,unsexed,0.00538,NA,3.0904,NA,NA,NA,NA,NA,NA,NA,NA,NA,Type I linear regression,North Rona and all North Sea (February),NA,NA,NA,65,2012-08-06T00:00:00.000Z,NA,2012-08-06T00:00:00.000Z,NA,NA,NA,24
,10955,32,Clupea harengus,NA,268,NA,NA,TL,NA,NA,NA,unsexed,0.00589,NA,3.0904,NA,NA,NA,NA,NA,NA,NA,NA,NA,Type I linear regression,North Rona and all North Sea (January),NA,NA,NA,65,2012-08-06T00:00:00.000Z,NA,2012-08-06T00:00:00.000Z,NA,NA,NA,24
,10967,32,Clupea harengus,NA,268,NA,NA,TL,NA,NA,NA,unsexed,0.006,NA,3.0904,NA,NA,NA,NA,NA,NA,NA,NA,NA,Type I linear regression,North Rona and all North Sea (December),NA,NA,NA,65,2012-08-06T00:00:00.000Z,NA,2012-08-06T00:00:00.000Z,NA,NA,NA,24
,10959,32,Clupea harengus,NA,268,NA,NA,TL,NA,NA,NA,unsexed,0.00604,NA,3.0904,NA,NA,NA,NA,NA,NA,NA,NA,NA,Type I linear regression,North Rona and all North Sea (May),NA,NA,NA,65,2012-08-06T00:00:00.000Z,NA,2012-08-06T00:00:00.000Z,NA,NA,NA,24
,10962,32,Clupea harengus,NA,268,NA,NA,TL,NA,NA,NA,unsexed,0.0061,NA,3.0904,NA,NA,NA,NA,NA,NA,NA,NA,NA,Type I linear regression,North Rona and all North Sea (July),NA,NA,NA,65,2012-08-06T00:00:00.000Z,NA,2012-08-06T00:00:00.000Z,NA,NA,NA,24
,10964,32,Clupea harengus,NA,268,NA,NA,TL,NA,NA,NA,unsexed,0.0062,NA,3.0904,NA,NA,NA,NA,NA,NA,NA,NA,NA,Type I linear regression,North Rona and all North Sea (September),NA,NA,NA,65,2012-08-06T00:00:00.000Z,NA,2012-08-06T00:00:00.000Z,NA,NA,NA,24
,10966,32,Clupea harengus,NA,268,NA,NA,TL,NA,NA,NA,unsexed,0.00626,NA,3.0904,NA,NA,NA,NA,NA,NA,NA,NA,NA,Type I linear regression,North Rona and all North Sea (November),NA,NA,NA,65,2012-08-06T00:00:00.000Z,NA,2012-08-06T00:00:00.000Z,NA,NA,NA,24
,10965,32,Clupea harengus,NA,268,NA,NA,TL,NA,NA,NA,unsexed,0.00634,NA,3.0904,NA,NA,NA,NA,NA,NA,NA,NA,NA,Type I linear regression,North Rona and all North Sea (October),NA,NA,NA,65,2012-08-06T00:00:00.000Z,NA,2012-08-06T00:00:00.000Z,NA,NA,NA,24
,10963,32,Clupea harengus,NA,268,NA,NA,TL,NA,NA,NA,unsexed,0.00667,NA,3.0904,NA,NA,NA,NA,NA,NA,NA,NA,NA,Type I linear regression,North Rona and all North Sea (August),NA,NA,NA,65,2012-08-06T00:00:00.000Z,NA,2012-08-06T00:00:00.000Z,NA,NA,NA,24
,10961,32,Clupea harengus,NA,268,NA,NA,TL,NA,NA,NA,unsexed,0.00669,NA,3.0904,NA,NA,NA,NA,NA,NA,NA,NA,NA,Type I linear regression,North Rona and all North Sea (June),NA,NA,NA,65,2012-08-06T00:00:00.000Z,NA,2012-08-06T00:00:00.000Z,NA,NA,NA,24
Y,123,32,Clupea harengus,43,2809,NA,NA,NA,NA,NA,NA,unsexed,0.00255,NA,3.328,NA,NA,NA,NA,NA,NA,NA,NA,NA,type I linear regression,Southern Gulf of St. Lawrence,2820,124B,spring spawner,3,1992-02-25T00:00:00.000Z,3,2013-02-07T00:00:00.000Z,NA,NA,NA,24
,10133,32,Clupea harengus,43,2809,NA,NA,NA,NA,NA,NA,unsexed,0.00535,NA,3.144,NA,NA,NA,NA,NA,NA,NA,NA,NA,type I linear regression,Banks stock,NA,826A,autumn spawner,3,1992-02-25T00:00:00.000Z,3,2013-02-07T00:00:00.000Z,NA,NA,NA,24
,124,32,Clupea harengus,43,2809,NA,NA,NA,NA,No,NA,unsexed,0.00553,NA,3.15,NA,NA,NA,NA,NA,NA,NA,NA,NA,type I linear regression,Dunmore stock,NA,826,winter spawner,3,1992-02-25T00:00:00.000Z,3,2013-02-07T00:00:00.000Z,NA,NA,NA,24
,126,32,Clupea harengus,43,2809,NA,NA,NA,NA,NA,NA,unsexed,0.00633,NA,3.1,NA,NA,NA,NA,NA,NA,NA,NA,NA,type I linear regression,Downs stock,2813,826A,winter spawner,3,1992-02-25T00:00:00.000Z,3,2013-02-07T00:00:00.000Z,NA,NA,NA,24
,127,32,Clupea harengus,43,2809,NA,NA,NA,NA,NA,NA,unsexed,0.00972,NA,2.903,NA,NA,NA,NA,NA,NA,NA,NA,NA,type I linear regression,Southern Gulf of St. Lawrence,2820,124B,autumn spawner,3,1992-02-25T00:00:00.000Z,3,2013-02-07T00:00:00.000Z,NA,NA,NA,24
,132,32,Clupea harengus,NA,40551,15.9,27.7,TL,NA,NA,NA,juvenile,0.00177,NA,3.422,NA,NA,NA,NA,NA,NA,NA,NA,NA,type I linear regression,northern coast,87995,578,Immature stage fishes.,2,2011-10-24T00:00:00.000Z,NA,2012-12-20T00:00:00.000Z,NA,NA,NA,24
,133,32,Clupea harengus,NA,40551,16,24.5,TL,NA,yes,NA,juvenile,0.00625,0.00625,3.0009,NA,NA,NA,NA,NA,NA,NA,NA,NA,type I linear regression,northern coast,87993,578,Immature stage fishes.,2,2011-10-24T00:00:00.000Z,65,2012-11-13T00:00:00.000Z,NA,NA,NA,24
,11291,32,Clupea harengus,NA,49746,5,37,TL,NA,NA,7101,mixed,0.00752,NA,3.0314,0.9636,0.022,0.007,NA,NA,NA,NA,NA,NA,Type I linear regression,Atlantic coast (spring),49746,840,TL assumed.,3,2013-02-07T00:00:00.000Z,NA,2013-02-07T00:00:00.000Z,NA,NA,NA,24
,11290,32,Clupea harengus,NA,49746,4,34,TL,NA,NA,3779,mixed,0.00939,NA,2.9794,0.94,0.039,0.012,NA,NA,NA,NA,NA,NA,Type I linear regression,Atlantic coast (autumn),49746,840,TL assumed.,3,2013-02-07T00:00:00.000Z,NA,2013-02-07T00:00:00.000Z,NA,NA,NA,24
,11292,32,Clupea harengus,NA,49746,8,33,TL,NA,NA,2126,mixed,0.0129,NA,2.856,0.9486,0.045,0.014,NA,NA,NA,NA,NA,NA,Type I linear regression,Atlantic coast (winter),49746,840,TL assumed.,3,2013-02-07T00:00:00.000Z,NA,2013-02-07T00:00:00.000Z,NA,NA,NA,24
,135,32,Clupea harengus,43,56239,NA,NA,SL,NA,NA,100,Male,0.00268,0.00164,3.5,NA,NA,NA,NA,NA,NA,NA,NA,NA,type I linear regression,"UK waters, 1927",NA,826,"""One hundred adult male European herrings were taken from Orton 1927.""",1,2006-02-28T23:34:49.000Z,NA,2006-02-28T23:34:49.000Z,NA,NA,NA,24
,129,56722,Clupea harengus,43,6818,NA,NA,NA,NA,NA,NA,unsexed,0.0041,NA,3.159,0.99002,NA,NA,NA,NA,NA,NA,NA,NA,type I linear regression,"Archipelago Sea, Åland Sea, north. Baltic Sea proper",6818,246,NA,67,1994-04-14T00:00:00.000Z,65,2011-11-14T00:00:00.000Z,NA,NA,NA,24
,10141,56722,Clupea harengus,43,6818,NA,NA,NA,NA,NA,NA,unsexed,0.0062,NA,3.019,0.996,NA,NA,NA,NA,NA,NA,NA,NA,type I linear regression,Gulf of Finland (Baltic Sea),6818,246,NA,67,1994-04-14T00:00:00.000Z,65,2011-11-14T00:00:00.000Z,NA,NA,NA,24
,134,56722,Clupea harengus,43,47114,13,25.6,TL,NA,No,NA,juvenile,0.0049,0.0049,3.089,0.97812,NA,NA,NA,NA,NA,NA,NA,NA,type I linear regression,"Western Baltic, 1900",47114,276,NA,1,2003-08-02T00:00:00.000Z,3,2013-02-07T00:00:00.000Z,NA,NA,NA,24
,11285,56722,Clupea harengus,NA,92457,NA,NA,TL,NA,NA,NA,unsexed,0.006,NA,3,NA,NA,NA,NA,NA,NA,NA,NA,NA,other,"Baltic, ICES subdiv. 25-27, 1992",92457,752,"TL assumed; b = 3 assumed; a = 0.006 was based on average condition factor (from Swedish weight-at-length data, 1992, K.J. Staehr, pers. Comm., Ref. 92457).",3,2013-02-06T00:00:00.000Z,NA,2013-02-06T00:00:00.000Z,NA,NA,NA,24
,131,56758,Clupea harengus,43,6818,NA,NA,NA,NA,NA,NA,unsexed,0.0121,NA,2.778,0.99401,NA,NA,NA,NA,NA,NA,NA,NA,type I linear regression,Bothnian Sea (Baltic Sea),6818,246,NA,67,1994-04-14T00:00:00.000Z,65,2011-11-14T00:00:00.000Z,NA,NA,NA,24
,130,56759,Clupea harengus,43,6818,NA,NA,NA,NA,NA,NA,unsexed,0.0089,NA,2.875,1,NA,NA,NA,NA,NA,NA,NA,NA,type I linear regression,Bothnian Bay (Baltic Sea),6818,246,NA,67,1994-04-14T00:00:00.000Z,65,2011-11-14T00:00:00.000Z,NA,NA,NA,24
,11466,56760,Clupea harengus,NA,94462,10.5,30.5,TL,NA,NA,909,mixed,0.00215,NA,3.35,0.989,NA,NA,0.044,NA,0.00199,0.00231,3.33,3.38,Type I linear regression,"Western Baltic Sea, Subdivisions 22-24 and Division IIIa",94462,NA,ICES SMALK data from 2000-12.,393,2013-11-26T00:00:00.000Z,NA,2013-11-26T00:00:00.000Z,NA,NA,NA,24
,118,56761,Clupea harengus,43,268,NA,NA,NA,NA,NA,NA,unsexed,0.00603,NA,3.09,NA,NA,NA,NA,NA,NA,NA,NA,NA,type I linear regression,North Rona and North Sea (annual mean),NA,826B,NA,3,1992-07-15T00:00:00.000Z,3,2013-02-07T00:00:00.000Z,NA,NA,NA,24
,10145,56761,Clupea harengus,43,2809,NA,NA,NA,NA,NA,NA,unsexed,0.00804,NA,3.03,NA,NA,NA,NA,NA,NA,NA,NA,NA,type I linear regression,Buchan stock,2816,826B,autumn spawner,3,1992-02-25T00:00:00.000Z,3,2013-02-07T00:00:00.000Z,NA,NA,NA,24
,128,56761,Clupea harengus,43,6014,NA,NA,NA,NA,NA,NA,unsexed,0.004,NA,3.22,NA,NA,NA,NA,NA,NA,NA,NA,NA,type I linear regression,East and West Channel,6014,250,NA,3,1993-09-06T00:00:00.000Z,3,2013-02-07T00:00:00.000Z,NA,NA,NA,24
,10134,56761,Clupea harengus,NA,40551,21.5,28.5,NA,NA,NA,NA,mixed,0.06618,NA,2.372,NA,NA,NA,NA,NA,NA,NA,NA,NA,type I linear regression,"East Anglia, 1933",40551,826,NA,2,2011-10-24T00:00:00.000Z,2,2012-03-09T00:00:00.000Z,NA,NA,NA,24
,10500,56761,Clupea harengus,NA,40551,NA,NA,NA,NA,NA,20,unsexed,0.00584,NA,3.0875,NA,NA,NA,NA,NA,NA,NA,NA,NA,Type I linear regression,"English Channel, December 1914-1915",89644,826,NA,2,2012-03-09T00:00:00.000Z,NA,2012-03-09T00:00:00.000Z,NA,NA,NA,24
,10501,56761,Clupea harengus,NA,40551,NA,NA,NA,NA,NA,NA,unsexed,0.04108,NA,2.5006,NA,NA,NA,NA,NA,NA,NA,NA,NA,Type I linear regression,"English Channel, January 1914-1915",89644,826,NA,2,2012-03-09T00:00:00.000Z,NA,2012-03-09T00:00:00.000Z,NA,NA,NA,24
,10135,56761,Clupea harengus,NA,40551,NA,NA,NA,NA,NA,NA,unsexed,0.0421,NA,2.52,NA,NA,NA,NA,NA,NA,NA,NA,NA,type I linear regression,"North Shields, 1910-1913",87993,826,NA,2,2011-10-24T00:00:00.000Z,NA,2011-10-24T00:00:00.000Z,NA,NA,NA,24
,11465,56761,Clupea harengus,NA,94462,7,37,TL,NA,NA,20165,mixed,0.00322,NA,3.22,0.991,NA,NA,0.044,NA,0.00317,0.00326,3.22,3.23,Type I linear regression,"North Sea, Sub-area IV, Divisions VIId and IIIa",94462,NA,ICES SMALK data from 2000-12.,393,2013-11-26T00:00:00.000Z,NA,2013-11-26T00:00:00.000Z,NA,NA,NA,24
,120,56763,Clupea harengus,43,268,NA,NA,NA,NA,NA,NA,unsexed,0.00791,NA,3.008,NA,NA,NA,NA,NA,NA,NA,NA,NA,type I linear regression,Northwest Ireland and South Minch (annual mean),NA,826C,NA,3,1992-07-15T00:00:00.000Z,65,2011-11-14T00:00:00.000Z,NA,NA,NA,24
,10142,56763,Clupea harengus,43,2809,NA,NA,NA,NA,Yes,NA,Unsexed,0.0195,NA,2.72,NA,NA,NA,NA,NA,NA,NA,NA,NA,type I linear regression,Clyde stock,NA,826A,spring spawner; used somatic weight; Outlier in plot of log a vs b (RF).,3,1992-02-25T00:00:00.000Z,3,2013-02-07T00:00:00.000Z,NA,NA,NA,24
,10138,56763,Clupea harengus,NA,40551,9.8,14.9,TL,NA,yes,NA,juvenile,0.00422,NA,3.12,NA,NA,NA,NA,NA,NA,NA,NA,NA,type I linear regression,"Firth of Clyde, (Nov & Feb, 1939)",87994,826,Immature stage fishes.,2,2011-10-24T00:00:00.000Z,3,2012-03-30T00:00:00.000Z,NA,NA,NA,24
,125,56764,Clupea harengus,43,2809,NA,NA,NA,NA,NA,NA,unsexed,0.00613,NA,3.13,NA,NA,NA,NA,NA,NA,NA,NA,NA,type I linear regression,Manx stock,2812,833,autumn spawner,3,1992-02-25T00:00:00.000Z,3,2013-02-07T00:00:00.000Z,NA,NA,NA,24
,122,56765,Clupea harengus,43,839,NA,NA,TL,NA,NA,NA,unsexed,0.0075,0.0075,3,NA,NA,NA,NA,NA,NA,NA,NA,NA,other,Atlanto-Scandian stock,NA,578,"from c.f. of about 0.75/100, with b = 3.",3,1996-04-07T00:00:00.000Z,65,2011-11-14T00:00:00.000Z,NA,NA,NA,24
,10146,56765,Clupea harengus,43,2809,NA,NA,NA,NA,NA,NA,unsexed,0.0149,NA,2.81,NA,NA,NA,NA,NA,NA,NA,NA,NA,type I linear regression,Norwegian stock,2823,578,Spring spawner.,3,1992-02-25T00:00:00.000Z,3,2013-04-19T00:00:00.000Z,NA,NA,NA,24
,10143,56767,Clupea harengus,NA,87980,25,39,TL,NA,NA,283,female,0.00934,NA,3,0.96953,NA,NA,NA,NA,NA,NA,NA,NA,type I linear regression,"southern coasts, 2000",87980,352,NA,2,2011-10-20T00:00:00.000Z,NA,2011-10-20T00:00:00.000Z,NA,NA,NA,24
,10144,56767,Clupea harengus,NA,87980,25.5,38.3,TL,NA,NA,168,female,0.0103,NA,2.96,0.95656,NA,NA,NA,NA,NA,NA,NA,NA,type I linear regression,"southern coasts, 1999",87980,352,NA,2,2011-10-20T00:00:00.000Z,NA,2011-10-20T00:00:00.000Z,NA,NA,NA,24
,11007,56768,Clupea harengus,NA,268,NA,NA,TL,NA,NA,NA,unsexed,0.00634,NA,3.0256,NA,NA,NA,NA,NA,NA,NA,NA,NA,Type I linear regression,North Minch (April),NA,826B,NA,65,2012-08-06T00:00:00.000Z,NA,2012-08-06T00:00:00.000Z,NA,NA,NA,24
,11005,56768,Clupea harengus,NA,268,NA,NA,TL,NA,NA,NA,unsexed,0.00636,NA,3.0256,NA,NA,NA,NA,NA,NA,NA,NA,NA,Type I linear regression,North Minch (March),NA,826B,NA,65,2012-08-06T00:00:00.000Z,NA,2012-08-06T00:00:00.000Z,NA,NA,NA,24
,11004,56768,Clupea harengus,NA,268,NA,NA,TL,NA,NA,NA,unsexed,0.00652,NA,3.0256,NA,NA,NA,NA,NA,NA,NA,NA,NA,Type I linear regression,North Minch (February),NA,826B,NA,65,2012-08-06T00:00:00.000Z,NA,2012-08-06T00:00:00.000Z,NA,NA,NA,24
,11003,56768,Clupea harengus,NA,268,NA,NA,TL,NA,NA,NA,unsexed,0.00664,NA,3.0256,NA,NA,NA,NA,NA,NA,NA,NA,NA,Type I linear regression,North Minch (January),NA,826B,NA,65,2012-08-06T00:00:00.000Z,NA,2012-08-06T00:00:00.000Z,NA,NA,NA,24
,10971,56768,Clupea harengus,NA,268,NA,NA,TL,NA,NA,NA,unsexed,0.00667,NA,2.9776,NA,NA,NA,NA,NA,NA,NA,NA,NA,Type I linear regression,Hebrides (March),NA,826B,NA,65,2012-08-06T00:00:00.000Z,NA,2012-08-06T00:00:00.000Z,NA,NA,NA,24
,10988,56768,Clupea harengus,NA,268,NA,NA,TL,NA,NA,NA,unsexed,0.00673,NA,3.0083,NA,NA,NA,NA,NA,NA,NA,NA,NA,Type I linear regression,NW Ireland and South Minch (March),NA,826C,NA,65,2012-08-06T00:00:00.000Z,NA,2012-08-06T00:00:00.000Z,NA,NA,NA,24
,10989,56768,Clupea harengus,NA,268,NA,NA,TL,NA,NA,NA,unsexed,0.00676,NA,3.0083,NA,NA,NA,NA,NA,NA,NA,NA,NA,Type I linear regression,NW Ireland and South Minch (April),NA,826C,NA,65,2012-08-06T00:00:00.000Z,NA,2012-08-06T00:00:00.000Z,NA,NA,NA,24
,10987,56768,Clupea harengus,NA,268,NA,NA,TL,NA,NA,NA,unsexed,0.00698,NA,3.0083,NA,NA,NA,NA,NA,NA,NA,NA,NA,Type I linear regression,NW Ireland and South Minch (February),NA,826C,NA,65,2012-08-06T00:00:00.000Z,NA,2012-08-06T00:00:00.000Z,NA,NA,NA,24
,11019,56768,Clupea harengus,NA,268,NA,NA,TL,NA,NA,NA,unsexed,0.00701,NA,3.0256,NA,NA,NA,NA,NA,NA,NA,NA,NA,Type I linear regression,North Minch (December),NA,826B,NA,65,2012-08-06T00:00:00.000Z,NA,2012-08-06T00:00:00.000Z,NA,NA,NA,24
,11008,56768,Clupea harengus,NA,268,NA,NA,TL,NA,NA,NA,unsexed,0.00705,NA,3.0256,NA,NA,NA,NA,NA,NA,NA,NA,NA,Type I linear regression,North Minch (May),NA,826B,NA,65,2012-08-06T00:00:00.000Z,NA,2012-08-06T00:00:00.000Z,NA,NA,NA,24
,10986,56768,Clupea harengus,NA,268,NA,NA,TL,NA,NA,NA,unsexed,0.00706,NA,3.0083,NA,NA,NA,NA,NA,NA,NA,NA,NA,Type I linear regression,NW Ireland and South Minch (January),NA,826C,NA,65,2012-08-06T00:00:00.000Z,NA,2012-08-06T00:00:00.000Z,NA,NA,NA,24
,11018,56768,Clupea harengus,NA,268,NA,NA,TL,NA,NA,NA,unsexed,0.00724,NA,3.0256,NA,NA,NA,NA,NA,NA,NA,NA,NA,Type I linear regression,North Minch (November),NA,826B,NA,65,2012-08-06T00:00:00.000Z,NA,2012-08-06T00:00:00.000Z,NA,NA,NA,24
,10990,56768,Clupea harengus,NA,268,NA,NA,TL,NA,NA,NA,unsexed,0.00742,NA,3.0083,NA,NA,NA,NA,NA,NA,NA,NA,NA,Type I linear regression,NW Ireland and South Minch (May),NA,826C,NA,65,2012-08-06T00:00:00.000Z,NA,2012-08-06T00:00:00.000Z,NA,NA,NA,24
,119,56768,Clupea harengus,43,268,NA,NA,NA,NA,NA,NA,unsexed,0.00742,NA,3.026,NA,NA,NA,NA,NA,NA,NA,NA,NA,type I linear regression,North Minch (annual mean),NA,826B,NA,3,1992-07-15T00:00:00.000Z,65,2011-11-14T00:00:00.000Z,NA,NA,NA,24
,10972,56768,Clupea harengus,NA,268,NA,NA,TL,NA,NA,NA,unsexed,0.00746,NA,2.9776,NA,NA,NA,NA,NA,NA,NA,NA,NA,Type I linear regression,Hebrides (April),NA,826B,NA,65,2012-08-06T00:00:00.000Z,NA,2012-08-06T00:00:00.000Z,NA,NA,NA,24
,11001,56768,Clupea harengus,NA,268,NA,NA,TL,NA,NA,NA,unsexed,0.00746,NA,3.0083,NA,NA,NA,NA,NA,NA,NA,NA,NA,Type I linear regression,NW Ireland and South Minch (December),NA,826C,NA,65,2012-08-06T00:00:00.000Z,NA,2012-08-06T00:00:00.000Z,NA,NA,NA,24
,10998,56768,Clupea harengus,NA,268,NA,NA,TL,NA,NA,NA,unsexed,0.00754,NA,3.0083,NA,NA,NA,NA,NA,NA,NA,NA,NA,Type I linear regression,NW Ireland and South Minch (November),NA,826C,NA,65,2012-08-06T00:00:00.000Z,NA,2012-08-06T00:00:00.000Z,NA,NA,NA,24
,11017,56768,Clupea harengus,NA,268,NA,NA,TL,NA,NA,NA,unsexed,0.00757,NA,3.0256,NA,NA,NA,NA,NA,NA,NA,NA,NA,Type I linear regression,North Minch (October),NA,826B,NA,65,2012-08-06T00:00:00.000Z,NA,2012-08-06T00:00:00.000Z,NA,NA,NA,24
,10980,56768,Clupea harengus,NA,268,NA,NA,TL,NA,NA,NA,unsexed,0.00793,NA,2.9776,NA,NA,NA,NA,NA,NA,NA,NA,NA,Type I linear regression,Hebrides (October),NA,826B,NA,65,2012-08-06T00:00:00.000Z,NA,2012-08-06T00:00:00.000Z,NA,NA,NA,24
,11009,56768,Clupea harengus,NA,268,NA,NA,TL,NA,NA,NA,unsexed,0.00798,NA,3.0256,NA,NA,NA,NA,NA,NA,NA,NA,NA,Type I linear regression,North Minch (June),NA,826B,NA,65,2012-08-06T00:00:00.000Z,NA,2012-08-06T00:00:00.000Z,NA,NA,NA,24
,10969,56768,Clupea harengus,NA,268,NA,NA,TL,NA,NA,NA,unsexed,0.008,NA,2.9776,NA,NA,NA,NA,NA,NA,NA,NA,NA,Type I linear regression,Hebrides (January),NA,826B,NA,65,2012-08-06T00:00:00.000Z,NA,2012-08-06T00:00:00.000Z,NA,NA,NA,24
,10982,56768,Clupea harengus,NA,268,NA,NA,TL,NA,NA,NA,unsexed,0.00807,NA,2.9776,NA,NA,NA,NA,NA,NA,NA,NA,NA,Type I linear regression,Hebrides (December),NA,826B,NA,65,2012-08-06T00:00:00.000Z,NA,2012-08-06T00:00:00.000Z,NA,NA,NA,24
,10970,56768,Clupea harengus,NA,268,NA,NA,TL,NA,NA,NA,unsexed,0.00823,NA,2.9776,NA,NA,NA,NA,NA,NA,NA,NA,NA,Type I linear regression,Hebrides (February),NA,826B,NA,65,2012-08-06T00:00:00.000Z,NA,2012-08-06T00:00:00.000Z,NA,NA,NA,24
,10997,56768,Clupea harengus,NA,268,NA,NA,TL,NA,NA,NA,unsexed,0.00835,NA,3.0083,NA,NA,NA,NA,NA,NA,NA,NA,NA,Type I linear regression,NW Ireland and South Minch (October),NA,826C,NA,65,2012-08-06T00:00:00.000Z,NA,2012-08-06T00:00:00.000Z,NA,NA,NA,24
,10991,56768,Clupea harengus,NA,268,NA,NA,TL,NA,NA,NA,unsexed,0.0084,NA,3.0083,NA,NA,NA,NA,NA,NA,NA,NA,NA,Type I linear regression,NW Ireland and South Minch (June),NA,826C,NA,65,2012-08-06T00:00:00.000Z,NA,2012-08-06T00:00:00.000Z,NA,NA,NA,24
,10981,56768,Clupea harengus,NA,268,NA,NA,TL,NA,NA,NA,unsexed,0.00843,NA,2.9776,NA,NA,NA,NA,NA,NA,NA,NA,NA,Type I linear regression,Hebrides (November),NA,826B,NA,65,2012-08-06T00:00:00.000Z,NA,2012-08-06T00:00:00.000Z,NA,NA,NA,24
,10973,56768,Clupea harengus,NA,268,NA,NA,TL,NA,NA,NA,unsexed,0.00847,NA,2.9776,NA,NA,NA,NA,NA,NA,NA,NA,NA,Type I linear regression,Hebrides (May),NA,826B,NA,65,2012-08-06T00:00:00.000Z,NA,2012-08-06T00:00:00.000Z,NA,NA,NA,24
,11015,56768,Clupea harengus,NA,268,NA,NA,TL,NA,NA,NA,unsexed,0.00858,NA,3.0256,NA,NA,NA,NA,NA,NA,NA,NA,NA,Type I linear regression,North Minch (September),NA,826B,NA,65,2012-08-06T00:00:00.000Z,NA,2012-08-06T00:00:00.000Z,NA,NA,NA,24
,121,56768,Clupea harengus,43,268,NA,NA,NA,NA,NA,NA,unsexed,0.00863,NA,2.978,NA,NA,NA,NA,NA,NA,NA,NA,NA,type I linear regression,Hebrides (annual mean),NA,826B,NA,3,1992-07-15T00:00:00.000Z,65,2011-11-14T00:00:00.000Z,NA,NA,NA,24
,11010,56768,Clupea harengus,NA,268,NA,NA,TL,NA,NA,NA,unsexed,0.00881,NA,3.0256,NA,NA,NA,NA,NA,NA,NA,NA,NA,Type I linear regression,North Minch (July),NA,826B,NA,65,2012-08-06T00:00:00.000Z,NA,2012-08-06T00:00:00.000Z,NA,NA,NA,24
,11012,56768,Clupea harengus,NA,268,NA,NA,TL,NA,NA,NA,unsexed,0.00897,NA,3.0256,NA,NA,NA,NA,NA,NA,NA,NA,NA,Type I linear regression,North Minch (August),NA,826B,NA,65,2012-08-06T00:00:00.000Z,NA,2012-08-06T00:00:00.000Z,NA,NA,NA,24
,10978,56768,Clupea harengus,NA,268,NA,NA,TL,NA,NA,NA,unsexed,0.009,NA,2.9776,NA,NA,NA,NA,NA,NA,NA,NA,NA,Type I linear regression,Hebrides (September),NA,826B,NA,65,2012-08-06T00:00:00.000Z,NA,2012-08-06T00:00:00.000Z,NA,NA,NA,24
,10995,56768,Clupea harengus,NA,268,NA,NA,TL,NA,NA,NA,unsexed,0.00917,NA,3.0083,NA,NA,NA,NA,NA,NA,NA,NA,NA,Type I linear regression,NW Ireland and South Minch (September),NA,826C,NA,65,2012-08-06T00:00:00.000Z,NA,2012-08-06T00:00:00.000Z,NA,NA,NA,24
,10993,56768,Clupea harengus,NA,268,NA,NA,TL,NA,NA,NA,unsexed,0.00945,NA,3.0083,NA,NA,NA,NA,NA,NA,NA,NA,NA,Type I linear regression,NW Ireland and South Minch (July),NA,826C,NA,65,2012-08-06T00:00:00.000Z,NA,2012-08-06T00:00:00.000Z,NA,NA,NA,24
,10994,56768,Clupea harengus,NA,268,NA,NA,TL,NA,NA,NA,unsexed,0.0096,NA,3.0083,NA,NA,NA,NA,NA,NA,NA,NA,NA,Type I linear regression,NW Ireland and South Minch (August),NA,826C,NA,65,2012-08-06T00:00:00.000Z,NA,2012-08-06T00:00:00.000Z,NA,NA,NA,24
,10974,56768,Clupea harengus,NA,268,NA,NA,TL,NA,NA,NA,unsexed,0.00988,NA,2.9776,NA,NA,NA,NA,NA,NA,NA,NA,NA,Type I linear regression,Hebrides (June),NA,826B,NA,65,2012-08-06T00:00:00.000Z,NA,2012-08-06T00:00:00.000Z,NA,NA,NA,24
,10975,56768,Clupea harengus,NA,268,NA,NA,TL,NA,NA,NA,unsexed,0.01023,NA,2.9776,NA,NA,NA,NA,NA,NA,NA,NA,NA,Type I linear regression,Hebrides (July),NA,826B,NA,65,2012-08-06T00:00:00.000Z,NA,2012-08-06T00:00:00.000Z,NA,NA,NA,24
,10976,56768,Clupea harengus,NA,268,NA,NA,TL,NA,NA,NA,unsexed,0.01117,NA,2.9776,NA,NA,NA,NA,NA,NA,NA,NA,NA,Type I linear regression,Hebrides (August),NA,826B,NA,65,2012-08-06T00:00:00.000Z,NA,2012-08-06T00:00:00.000Z,NA,NA,NA,24
Y,35598,4054,Ctenogobius boleosoma,NA,91126,1.2,5,TL,NA,NA,142,unsexed,0.00808,NA,2.97,0.974,NA,NA,NA,NA,NA,NA,2.87,3.06,Type I linear regression,"Praia dos Castelhanos, Espírito Santo, 2005-07",91126,76,NA,393,2014-04-23T00:00:00.000Z,NA,2014-04-23T00:00:00.000Z,NA,NA,NA,3858
,36138,4054,Ctenogobius boleosoma,NA,97037,1.6,5.5,TL,NA,NA,97,unsexed,0.005,NA,3.136,0.96,NA,0.069,NA,NA,NA,NA,2.998,3.273,Type I linear regression,"Marica, Sacuarema, Araruama coastal lagoons, South western Brazil / 2011.",NA,76,NA,65,2014-08-14T00:00:00.000Z,NA,2014-08-14T00:00:00.000Z,NA,NA,NA,3858
Y,338,72,Cyclopterus lumpus,284,268,25,47,TL,no,NA,19,unsexed,0.0587,0.0587,2.939,NA,NA,NA,NA,NA,NA,NA,NA,NA,type I linear regression,"Buchan & Central North Sea, 1982-85",NA,826,NA,2,1991-05-30T00:00:00.000Z,3,2012-03-30T00:00:00.000Z,NA,NA,NA,62
Y,2951,1186,Cynoscion arenarius,331,4528,4,20.5,SL,NA,NA,507,unsexed,0.0308,0.01741,2.892,NA,NA,NA,NA,NA,NA,NA,NA,NA,type I linear regression,"Gulf of Mexico, Louisiana & Mississippi",4528,840,NA,3,1992-08-04T00:00:00.000Z,NA,1993-02-25T00:00:00.000Z,NA,NA,NA,1170
Y,1734,419,Cynoscion nebulosus,331,6323,82,82,TL,NA,NA,1,unsexed,0.0131,0.0131,3,NA,NA,NA,NA,NA,NA,NA,NA,NA,single L-W pair with b=3,NA,NA,NA,Estimated from data given in Reference.,1,1999-06-17T00:00:00.000Z,NA,1999-11-15T00:00:00.000Z,NA,NA,NA,405
,807,189,Elops saurus,46,6937,29.3,41.3,FL,NA,NA,2,unsexed,0.00799,NA,2.968,1,0.043,0.012,NA,NA,NA,NA,NA,NA,other,Southern Florida,6937,840,"Preliminary estimate; intercept forced through a point at or close to the origin by adding a ""zero"" data point.",82,1994-05-13T00:00:00.000Z,3,2011-07-29T00:00:00.000Z,NA,NA,NA,175
Y,10156,189,Elops saurus,46,11824,12,40,FL,NA,NA,776,unsexed,0.0056,0.00395,3.1,NA,NA,NA,NA,NA,NA,NA,NA,NA,type I linear regression,Southeast Zone,883,192,NA,3,1995-01-17T00:00:00.000Z,65,2011-11-10T00:00:00.000Z,NA,NA,NA,175
,10157,189,Elops saurus,46,26585,30.5,44,SL,NA,NA,19,unsexed,0.0136,0.008,2.9,NA,NA,NA,NA,NA,NA,NA,NA,NA,nonlinear regression,"Gulf of Salamanca, 1995-97",26585,170,NA,3,1998-05-15T00:00:00.000Z,65,2011-07-15T00:00:00.000Z,NA,NA,NA,175
,808,189,Elops saurus,NA,55642,16.2,36.3,SL,NA,NA,16,Unsexed,0.004,NA,3.29,0.988,NA,NA,NA,NA,NA,NA,NA,NA,type I linear regression,"Central coast, 1993-2000",55642,76,NA,564,2009-11-13T00:00:00.000Z,3,2010-04-29T00:00:00.000Z,NA,NA,NA,175
,809,189,Elops saurus,NA,83865,20.45,32,TL,NA,NA,22,Unsexed,0.0299,NA,2.533,0.905,NA,NA,NA,NA,NA,NA,NA,NA,type I linear regression,"Ilha de Paciência, Maranhão, 2006-2007",83865,76,NA,564,2009-11-13T00:00:00.000Z,3,2010-04-29T00:00:00.000Z,NA,NA,NA,175
,36117,189,Elops saurus,NA,97037,3.6,16,TL,NA,NA,117,unsexed,0.002,NA,3.206,0.97,NA,0.049,NA,NA,NA,NA,3.109,3.303,Type I linear regression,"Marica, Sacuarema, Araruama coastal lagoons, South western Brazil / 2011.",NA,76,NA,65,2014-08-14T00:00:00.000Z,NA,2014-08-14T00:00:00.000Z,NA,NA,NA,175
Y,60,4,Engraulis ringens,454,9,NA,NA,NA,NA,NA,NA,unsexed,0.00674,NA,3,NA,NA,NA,NA,NA,NA,NA,NA,NA,type I linear regression,"Northern/Central Stock, 4-14°S",NA,604,NA,3,1991-11-28T00:00:00.000Z,NA,1993-04-12T00:00:00.000Z,NA,NA,NA,4
,61,4,Engraulis ringens,454,9,NA,NA,NA,NA,NA,NA,unsexed,0.0215,NA,2.604,NA,NA,NA,NA,NA,NA,NA,NA,NA,type I linear regression,NA,4797,604,NA,3,1992-10-07T00:00:00.000Z,NA,1993-04-12T00:00:00.000Z,NA,NA,NA,4
,62,4,Engraulis ringens,454,5964,NA,NA,NA,NA,NA,NA,unsexed,0.00375,NA,3.221,NA,NA,NA,NA,NA,NA,NA,NA,NA,type I linear regression,Iquique,NA,152,NA,3,1993-07-31T00:00:00.000Z,NA,1993-07-31T00:00:00.000Z,NA,NA,NA,4
,63,4,Engraulis ringens,454,5964,NA,NA,NA,NA,NA,NA,unsexed,0.00421,NA,3.144,NA,NA,NA,NA,NA,NA,NA,NA,NA,type I linear regression,Coquimbo,NA,152,NA,3,1993-07-31T00:00:00.000Z,NA,1993-07-31T00:00:00.000Z,NA,NA,NA,4
,64,4,Engraulis ringens,454,5964,NA,NA,NA,NA,NA,NA,unsexed,0.0046,NA,3.121,NA,NA,NA,NA,NA,NA,NA,NA,NA,type I linear regression,Arica,NA,152,NA,3,1993-07-31T00:00:00.000Z,NA,1993-07-31T00:00:00.000Z,NA,NA,NA,4
,9992,47481,Etropus longimanus,514,39376,8.5,15.5,TL,NA,NA,31,unsexed,0.02339,0.02339,2.524,0.92544,NA,NA,NA,NA,NA,NA,NA,NA,type I linear regression,Rio Grande do Sul (28°-34°S),39376,76,NA,3,2001-08-14T00:00:00.000Z,3,2002-06-12T00:00:00.000Z,NA,NA,NA,57918
Y,9993,47481,Etropus longimanus,NA,40728,13.9,4,TL,NA,yes,232,juvenile,0.0103,NA,2.889,0.965,NA,NA,NA,NA,NA,NA,NA,NA,type I linear regression,"Southeastern region (São Sebastião System), São Paulo, 1997",40728,76,NA,564,2009-11-13T00:00:00.000Z,3,2012-03-30T00:00:00.000Z,NA,NA,NA,57918
,9994,47481,Etropus longimanus,514,55926,NA,NA,TL,NA,NA,NA,mixed,0.0082,0.0082,3.077,NA,NA,NA,NA,NA,NA,NA,NA,NA,type I linear regression,Southwestern EEZ of Brazil.,NA,76,NA,1,2005-12-05T00:00:00.000Z,NA,2005-12-05T00:00:00.000Z,NA,NA,NA,57918
,2646,1065,Eucinostomus argenteus,326,27129,7,15.3,SL,NA,NA,676,unsexed,0.0359,NA,2.91,NA,NA,NA,NA,NA,NA,NA,NA,NA,nonlinear regression,"Gulf of Salamanca, Caribbean, 1995-98",27129,170,Updates L/W estimates in Ref. 26585.,3,1998-05-15T00:00:00.000Z,NA,1998-08-19T00:00:00.000Z,NA,NA,NA,1049
,2647,1065,Eucinostomus argenteus,NA,40728,5.1,23,TL,NA,NA,353,Unsexed,0.00304,NA,3.135,0.98,NA,NA,NA,NA,NA,NA,NA,NA,type I linear regression,"Southeastern region (São Sebastião System), São Paulo, 1997",40728,76,NA,564,2009-11-13T00:00:00.000Z,3,2010-04-29T00:00:00.000Z,NA,NA,NA,1049
,2648,1065,Eucinostomus argenteus,NA,55642,3.7,12.6,TL,NA,NA,77,Unsexed,0.0113,NA,3.045,0.986,NA,NA,NA,NA,NA,NA,NA,NA,type I linear regression,"Central coast, 1993-2000",55642,76,NA,564,2009-11-13T00:00:00.000Z,3,2010-04-29T00:00:00.000Z,NA,NA,NA,1049
,2649,1065,Eucinostomus argenteus,NA,55642,2,10.7,SL,NA,NA,350,Unsexed,0.0313,NA,2.919,0.986,NA,NA,NA,NA,NA,NA,NA,NA,type I linear regression,"Central coast, 1993-2000",55642,76,NA,564,2009-11-13T00:00:00.000Z,3,2010-04-29T00:00:00.000Z,NA,NA,NA,1049
,2651,1065,Eucinostomus argenteus,326,59090,3.8,12.1,TL,NA,NA,176,juvenile,0.0121,NA,2.9855,0.9894,NA,0.023,NA,NA,NA,NA,NA,NA,type I linear regression,Grand Cul-de-Sac Marin Bay (Guadelopue) and Bay of Fort-de-France (Martinique),59090,NA,NA,3,2009-05-08T00:00:00.000Z,NA,2012-02-23T00:00:00.000Z,NA,NA,NA,1049
,2650,1065,Eucinostomus argenteus,326,59090,12.6,21,TL,NA,NA,88,Mixed,0.0081,NA,3.1428,0.9608,NA,0.067,NA,NA,NA,NA,NA,NA,type I linear regression,Grand Cul-de-Sac Marin Bay (Guadelopue) and Bay of Fort-de-France (Martinique),59090,NA,NA,3,2009-05-08T00:00:00.000Z,NA,2012-02-23T00:00:00.000Z,NA,NA,NA,1049
,2652,1065,Eucinostomus argenteus,326,80009,2.9,11.8,TL,NA,NA,197,mixed,0.00791,NA,3.196,0.96236,0.087,0.045,NA,NA,NA,NA,NA,NA,type I linear regression,"Espirito Santo (0°S - 25°S), 2003-2004",80009,76,NA,3,2009-01-20T00:00:00.000Z,2,2014-05-14T00:00:00.000Z,NA,NA,NA,1049
,2653,1065,Eucinostomus argenteus,326,80009,4.2,15.2,TL,NA,NA,322,mixed,0.00807,NA,3.175,0.97417,NA,NA,NA,NA,NA,NA,NA,NA,type I linear regression,"Paraná (0°S - 25°S), 2003-2004",80009,76,NA,3,2009-01-20T00:00:00.000Z,NA,2009-01-30T00:00:00.000Z,NA,NA,NA,1049
Y,2654,1065,Eucinostomus argenteus,NA,83872,2.5,20,TL,NA,NA,420,Unsexed,0.0106,NA,3.03,0.987,NA,NA,NA,NA,NA,NA,NA,NA,type I linear regression,"Southeastern region, 1995-1996",83872,76,NA,564,2009-11-13T00:00:00.000Z,3,2010-04-29T00:00:00.000Z,NA,NA,NA,1049
,35582,1065,Eucinostomus argenteus,NA,91126,3.2,5.6,TL,NA,NA,19,unsexed,0.00825,NA,3.16,0.966,NA,NA,NA,NA,NA,NA,2.88,3.43,Type I linear regression,"Praia dos Castelhanos, Espírito Santo, 2005-07",91126,76,NA,393,2014-04-23T00:00:00.000Z,NA,2014-04-23T00:00:00.000Z,NA,NA,NA,1049
,36643,1065,Eucinostomus argenteus,NA,94907,10.7,20.9,TL,NA,NA,33,unsexed,0.00502,NA,3.18,0.976,NA,NA,NA,NA,0.00335,0.0075,3,3.37,Type I linear regression,Parana´ state coast / 2004 - 2005,NA,76,NA,65,2015-06-24T00:00:00.000Z,NA,2015-06-24T00:00:00.000Z,NA,NA,NA,1049
,36550,1065,Eucinostomus argenteus,NA,95265,2,16,SL,NA,NA,2877,unsexed,0.0142,NA,3.301,0.952,NA,0.014,NA,NA,NA,NA,3.274,3.329,Type I linear regression,"Celestun lagoon, Yucatan, 1990-2006",95265,484,Weight range: 0.34 - 81.12 g.,393,2015-04-02T00:00:00.000Z,NA,2015-04-02T00:00:00.000Z,NA,NA,NA,1049
,36438,1065,Eucinostomus argenteus,NA,95301,2,11.5,TL,NA,NA,51,unsexed,0.008,0.008,3.38,0.94,NA,NA,NA,NA,NA,NA,NA,NA,Type I linear regression,"Gulf of Mexico, Veracruz, and Yucatán, 2006-09",95301,484,Weight range: 0.02 - 30.7 g.,393,2015-03-12T00:00:00.000Z,NA,2015-03-12T00:00:00.000Z,NA,NA,NA,1049
,36133,1065,Eucinostomus argenteus,NA,97037,1.6,14.5,TL,NA,NA,597,unsexed,0.009,NA,3.031,0.97,NA,0.021,NA,NA,NA,NA,2.989,3.073,Type I linear regression,"Marica, Sacuarema, Araruama coastal lagoons, South western Brazil / 2011.",NA,76,NA,65,2014-08-14T00:00:00.000Z,NA,2014-08-14T00:00:00.000Z,NA,NA,NA,1049
,5238,3396,Fundulus parvipinnis,570,56239,NA,NA,SL,NA,NA,78,Mixed,0.00571,NA,3.7,NA,NA,NA,NA,NA,NA,NA,NA,NA,type I linear regression,"California, 1928",NA,840,"""Live adult killifishes from a random sample of a single population.""",1,2006-02-28T23:24:50.000Z,NA,2006-02-28T23:24:50.000Z,NA,NA,NA,3200
Y,5239,3396,Fundulus parvipinnis,570,59092,2.3,9.2,SL,NA,NA,1082,mixed,0.02,NA,3.08,NA,NA,NA,NA,NA,NA,NA,NA,NA,type I linear regression,"coastal streams' mouths, northwestern Baja California (32°23'01"" N--30°02'32.5"" N), 1983-97",59092,484,NA,3,2008-12-15T00:00:00.000Z,NA,2009-01-30T00:00:00.000Z,NA,NA,NA,3200
Y,7784,6306,Gerres oyena,326,26587,4,20,FL,NA,NA,351,unsexed,0.012,0.00719,3.232,0.96236,NA,NA,NA,NA,NA,NA,NA,NA,type I linear regression,lagoon,26587,540,Update of estimate in Ref. 5525.,3,1993-06-16T00:00:00.000Z,3,1998-05-20T00:00:00.000Z,NA,NA,NA,5996
,7785,6306,Gerres oyena,326,55787,4,20,FL,NA,NA,339,Mixed,0.00945,0.00557,3.33708,0.95844,NA,NA,NA,NA,NA,NA,NA,NA,type I linear regression,NA,55787,540,"Error:  12.8%. Length range given as 40 - 200 FL, but probably referring to mm.",1531,2005-12-06T00:00:00.000Z,1,2012-03-15T00:00:00.000Z,NA,NA,NA,5996
,3744,1671,Harengula clupeola,43,11824,3,14,FL,NA,NA,100,unsexed,0.0145,0.00964,3.05,NA,NA,NA,NA,NA,NA,NA,NA,NA,type I linear regression,Southwest Zone,11824,192,NA,3,1995-01-13T00:00:00.000Z,NA,2011-11-10T00:00:00.000Z,NA,NA,NA,1478
,3745,1671,Harengula clupeola,43,11824,8,14,FL,NA,NA,36,unsexed,0.0233,0.01593,2.84,NA,NA,NA,NA,NA,NA,NA,NA,NA,type I linear regression,Northwest Zone,11824,192,NA,3,1995-01-13T00:00:00.000Z,NA,2011-11-10T00:00:00.000Z,NA,NA,NA,1478
Y,3746,1671,Harengula clupeola,NA,40728,5.2,18,TL,NA,NA,59,Unsexed,0.00689,NA,3.181,0.994,NA,NA,NA,NA,NA,NA,NA,NA,type I linear regression,"Southeastern region (São Sebastião System), São Paulo, 1997",40728,76,NA,564,2009-11-13T00:00:00.000Z,3,2010-04-29T00:00:00.000Z,NA,NA,NA,1478
,3747,1671,Harengula clupeola,43,59090,2.7,10.3,TL,NA,NA,343,Mixed,0.0055,NA,3.3177,0.9819,NA,0.024,NA,NA,NA,NA,NA,NA,type I linear regression,Grand Cul-de-Sac Marin Bay (Guadelopue) and Bay of Fort-de-France (Martinique),59090,NA,NA,3,2009-05-07T00:00:00.000Z,NA,2012-02-23T00:00:00.000Z,NA,NA,NA,1478
,3748,1671,Harengula clupeola,NA,83872,12,18,TL,NA,NA,76,Unsexed,0.0054,NA,3.24,0.884,NA,NA,NA,NA,NA,NA,NA,NA,type I linear regression,"Southeastern region, 1995-1996",83872,76,NA,564,2009-11-13T00:00:00.000Z,3,2010-04-29T00:00:00.000Z,NA,NA,NA,1478
,36632,1671,Harengula clupeola,NA,94907,8.2,16,TL,NA,NA,26,unsexed,0.00473,NA,3.2,0.969,NA,NA,NA,NA,0.00289,0.00773,2.96,3.44,Type I linear regression,Parana´ state coast / 2004 - 2005,NA,484,NA,65,2015-06-23T00:00:00.000Z,NA,2015-06-23T00:00:00.000Z,NA,NA,NA,1478
,36120,1671,Harengula clupeola,NA,97037,2.1,11.1,NA,NA,NA,213,unsexed,0.004,NA,3.267,0.95,NA,0.053,NA,NA,NA,NA,3.163,3.372,Type I linear regression,"Marica, Sacuarema, Araruama coastal lagoons, South western Brazil / 2011.",NA,76,NA,65,2014-08-14T00:00:00.000Z,NA,2014-08-14T00:00:00.000Z,NA,NA,NA,1478
,3752,1673,Harengula jaguana,43,11824,4,12,FL,NA,NA,1060,female,0.0106,0.00629,3.25,NA,NA,NA,NA,NA,NA,NA,NA,NA,type I linear regression,Northwest Zone,12034,192,NA,3,1995-01-13T00:00:00.000Z,NA,2011-11-10T00:00:00.000Z,NA,NA,NA,1480
,3753,1673,Harengula jaguana,43,11824,4,11,FL,NA,NA,973,male,0.0134,0.00807,3.15,NA,NA,NA,NA,NA,NA,NA,NA,NA,type I linear regression,Northwest Zone,12034,192,NA,3,1995-01-13T00:00:00.000Z,NA,2011-11-10T00:00:00.000Z,NA,NA,NA,1480
Y,3754,1673,Harengula jaguana,43,11824,2,13,FL,NA,NA,3334,unsexed,0.01,0.0059,3.28,NA,NA,NA,NA,NA,NA,NA,NA,NA,type I linear regression,Guanabara Bay,12015,76,NA,3,1996-09-27T00:00:00.000Z,NA,2011-11-10T00:00:00.000Z,NA,NA,NA,1480
,36539,1673,Harengula jaguana,NA,95265,1.6,14.7,SL,NA,NA,165,unsexed,0.005,NA,3.55,0.969,NA,0.049,NA,NA,NA,NA,3.453,3.647,Type I linear regression,"Celestun lagoon, Yucatan, 1990-2006",95265,484,Weight range: 0.03 - 42.50 g. Lm = 8.0 cm.,393,2015-04-02T00:00:00.000Z,NA,2015-04-02T00:00:00.000Z,NA,NA,NA,1480
Y,5834,4289,Hemilepidotus hemilepidotus,277,6323,34,34,TL,NA,NA,1,unsexed,0.02824,0.02824,3,NA,NA,NA,NA,NA,NA,NA,NA,NA,single L-W pair with b=3,NA,NA,NA,Estimated from data given in Reference.,1,1999-06-17T00:00:00.000Z,NA,1999-06-17T00:00:00.000Z,NA,NA,NA,4093
Y,5819,4229,Hexagrammos lagocephalus,NA,83701,24,57,TL,NA,NA,NA,female,0.0064,NA,3.2008,0.9316,NA,NA,NA,NA,NA,NA,NA,NA,type I linear regression,"Pacific coast of Kamchatka and N Kuril Is. (47°50? - 52°10? N), 1992-2002",83701,643,NA,3,2010-03-12T00:00:00.000Z,NA,2010-03-12T00:00:00.000Z,NA,NA,NA,4033
,5820,4229,Hexagrammos lagocephalus,NA,83701,23,50,TL,NA,NA,NA,male,0.0067,NA,3.1978,0.946,NA,NA,NA,NA,NA,NA,NA,NA,type I linear regression,"Pacific coast of Kamchatka and N Kuril Is. (47°50? - 52°10? N), 1992-2002",83701,643,NA,3,2010-03-12T00:00:00.000Z,NA,2010-03-12T00:00:00.000Z,NA,NA,NA,4033
Y,5718,3957,Hypsoblennius gentilis,392,59088,2.18,6.77,TL,NA,NA,42,unsexed,0.0112,NA,2.979,0.95453,NA,0.102,NA,NA,NA,NA,NA,NA,type I linear regression,"Bahía de La Paz (24°06'-24°48'N; 110°15'-110°39'W), Gulf of California, 2000-2003",59088,484,NA,3,2008-12-10T00:00:00.000Z,NA,2011-11-03T00:00:00.000Z,NA,NA,NA,3761
Y,35855,411,Isacia conceptionis,NA,95867,12.5,34.4,TL,NA,NA,30,unsexed,0.0091,0.0091,3.095,0.8,NA,1.01,NA,NA,NA,NA,NA,NA,Type I linear regression,Northern and central coast of Chile/ 2004-2005; 2012-2013.,NA,152,NA,65,2014-06-23T00:00:00.000Z,NA,2014-06-23T00:00:00.000Z,NA,NA,NA,397
Y,3938,1802,Konosirus punctatus,43,27273,7,19,SL,NA,NA,NA,unsexed,0.0232,0.01311,2.899,0.98605,NA,NA,NA,NA,NA,NA,NA,NA,type I linear regression,"Daya Bay, Guangdong, 1985-86",NA,156,NA,3,1998-09-25T00:00:00.000Z,NA,1998-09-25T00:00:00.000Z,NA,NA,NA,1609
,3939,1802,Konosirus punctatus,43,52163,10,26,FL,NA,NA,NA,unsexed,0.0215,0.01579,2.842,0.9063,NA,NA,NA,NA,NA,NA,NA,NA,type I linear regression,"South coast, 1998",52163,410,NA,3,2004-09-18T00:00:00.000Z,NA,2004-09-18T00:00:00.000Z,NA,NA,NA,1609
,5649,3772,Lagodon rhomboides,330,6937,13,21.2,FL,NA,NA,12,unsexed,0.0104,NA,3.25,0.97,0.032,0.165,NA,NA,NA,NA,NA,NA,type I linear regression,Southern Florida,6937,840,NA,82,1994-05-14T00:00:00.000Z,3,2011-07-29T00:00:00.000Z,NA,NA,NA,3576
,5650,3772,Lagodon rhomboides,330,11824,14,23,FL,NA,NA,100,female,0.0103,0.00433,3.24,NA,NA,NA,NA,NA,NA,NA,NA,NA,type I linear regression,Campeche,12024,484,NA,3,1996-10-12T00:00:00.000Z,NA,2011-11-10T00:00:00.000Z,NA,NA,NA,3576
,5651,3772,Lagodon rhomboides,330,11824,15,22,FL,NA,NA,140,male,0.0151,0.00912,3.09,NA,NA,NA,NA,NA,NA,NA,NA,NA,type I linear regression,Campeche,12024,484,NA,3,1996-10-12T00:00:00.000Z,NA,2011-11-10T00:00:00.000Z,NA,NA,NA,3576
,5652,3772,Lagodon rhomboides,330,11824,NA,NA,NA,NA,NA,NA,unsexed,0.0352,NA,2.9,NA,NA,NA,NA,NA,NA,NA,NA,NA,type I linear regression,Texas,11994,840,NA,3,1996-10-12T00:00:00.000Z,NA,2011-11-10T00:00:00.000Z,NA,NA,NA,3576
Y,5653,3772,Lagodon rhomboides,330,44885,NA,NA,SL,NA,NA,302,unsexed,0.0269,0.01137,3.11,0.98605,NA,NA,NA,NA,NA,NA,NA,NA,type I linear regression,"Tampa Bay and adjacent Gulf of Mexico waters, 1993-97",44885,840,fall-winter samples,3,2003-01-22T00:00:00.000Z,NA,2003-01-22T00:00:00.000Z,NA,NA,NA,3576
,5654,3772,Lagodon rhomboides,330,44885,NA,NA,SL,NA,NA,343,unsexed,0.0316,0.01366,3.03,0.98208,NA,NA,NA,NA,NA,NA,NA,NA,type I linear regression,"Tampa Bay and adjacent Gulf of Mexico waters, 1993-97",44885,840,spring-summer samples,3,2003-01-22T00:00:00.000Z,NA,2003-01-22T00:00:00.000Z,NA,NA,NA,3576
,36555,3772,Lagodon rhomboides,NA,95265,4,20,SL,NA,NA,1758,unsexed,0.0271,NA,3.049,0.978,NA,0.011,NA,NA,NA,NA,3.027,3.071,Type I linear regression,"Celestun lagoon, Yucatan, 1990-2006",95264,484,Weight range: 0.70 - 242.42 g. Lm = 13.1 cm.,393,2015-04-02T00:00:00.000Z,NA,2015-04-02T00:00:00.000Z,NA,NA,NA,3576
,6492,4775,Lateolabrax japonicus,288,12318,NA,NA,NA,NA,NA,NA,unsexed,0.0508,NA,2.81,NA,NA,NA,NA,NA,NA,NA,NA,NA,type I linear regression,"Yamen outfall, Pearl River estuary, 1983-86",12318,156,NA,3,1997-01-11T00:00:00.000Z,NA,1997-01-11T00:00:00.000Z,NA,NA,NA,4589
Y,6493,4775,Lateolabrax japonicus,288,12497,NA,NA,TL,NA,NA,NA,unsexed,0.0605,0.0605,2.635,0.97614,NA,NA,NA,NA,NA,NA,NA,NA,type I linear regression,"Yangtze River, 1986-87",12497,156,NA,3,1997-03-11T00:00:00.000Z,NA,1997-03-11T00:00:00.000Z,NA,NA,NA,4589
Y,1783,443,Leiostomus xanthurus,331,4528,5,17.5,TL,NA,NA,944,unsexed,0.00921,0.00921,3.072,NA,NA,NA,NA,NA,NA,NA,NA,NA,type I linear regression,"Gulf of Mexico, Louisiana & Mississippi",4528,840,NA,3,1992-08-04T00:00:00.000Z,NA,1993-02-25T00:00:00.000Z,NA,NA,NA,429
Y,5750,4078,Lepidogobius lepidus,405,31146,NA,NA,SL,NA,NA,480,unsexed,0.00829,NA,3.1,0.9604,NA,NA,NA,NA,NA,NA,NA,NA,type I linear regression,"Morro Bay (35°21'N, 120°51'W), California , 1976-77",31146,840,NA,3,2000-09-07T00:00:00.000Z,NA,2000-07-09T00:00:00.000Z,NA,NA,NA,3882
,2002,536,Limanda aspera,440,11807,16,40,TL,NA,NA,4019,Mixed,0.032,0.032,2.7367,0.997,NA,NA,NA,NA,NA,NA,NA,NA,type I linear regression,"Peter the Great Bay, Sea of Japan",NA,643,NA,1287,2006-03-20T23:07:41.000Z,NA,2006-03-20T23:07:41.000Z,NA,NA,NA,520
,2003,536,Limanda aspera,440,56527,9,45,TL,NA,NA,2975,Mixed,0.00455,0.00455,3.2658,NA,NA,NA,NA,NA,NA,NA,NA,NA,type I linear regression,North Tatar Strait,NA,643,NA,1287,2006-03-23T19:10:17.000Z,NA,2006-03-23T19:10:17.000Z,NA,NA,NA,520
Y,2004,536,Limanda aspera,440,56527,9,47,TL,NA,NA,3037,Mixed,0.01186,0.01186,2.9969,NA,NA,NA,NA,NA,NA,NA,NA,NA,type I linear regression,Eastern Bering Sea,NA,840,NA,1287,2006-03-23T19:07:58.000Z,NA,2006-03-23T19:07:58.000Z,NA,NA,NA,520
,2005,536,Limanda aspera,440,56527,11,43,TL,NA,NA,2890,Mixed,0.01221,0.01221,3.0104,NA,NA,NA,NA,NA,NA,NA,NA,NA,type I linear regression,"Terpeniya Bay, SE Sakhalin",NA,643,NA,1287,2006-03-23T19:09:19.000Z,NA,2006-03-23T19:09:19.000Z,NA,NA,NA,520
,2006,536,Limanda aspera,440,56527,13,41,TL,NA,Yes,5638,Mixed,0.0149,0.0149,3.9576,NA,NA,NA,NA,NA,NA,NA,NA,NA,type I linear regression,"Peter the Great Bay, Sea of Japan",NA,643,NA,1287,2006-03-23T19:11:24.000Z,NA,2009-11-04T00:00:00.000Z,NA,NA,NA,520
,2007,536,Limanda aspera,440,59366,4,40,TL,NA,NA,875,unsexed,0.0076,NA,3.1531,NA,NA,NA,NA,NA,NA,NA,NA,NA,type I linear regression,Sakhalin Isl.,NA,643,NA,1287,2008-04-03T00:00:00.000Z,NA,2008-04-03T00:00:00.000Z,NA,NA,NA,520
,2157,711,Limanda limanda,440,268,9,37,TL,NA,NA,575,unsexed,0.0074,0.0074,3.113,NA,NA,NA,NA,NA,NA,NA,NA,NA,type I linear regression,"Shetland, Moray Firth, Buchan & S. Minch",NA,826,L-W based on total weight. Total wt. = gutted wt. x 1.0691,2,1991-05-30T00:00:00.000Z,3,2012-03-07T00:00:00.000Z,NA,NA,NA,695
,2158,711,Limanda limanda,440,6014,2,42,TL,no,NA,2582,unsexed,0.00547,0.00547,3.221,1,NA,NA,NA,NA,NA,NA,NA,NA,type I linear regression,East and West Channel,6014,250,NA,3,1993-08-18T00:00:00.000Z,3,2012-03-30T00:00:00.000Z,NA,NA,NA,695
,2159,711,Limanda limanda,440,6014,6,44,TL,no,NA,359,unsexed,0.00854,0.00854,3.091,0.998,NA,NA,NA,NA,NA,NA,NA,NA,type I linear regression,Bay of Biscay,6014,250,NA,3,1993-08-16T00:00:00.000Z,3,2012-03-30T00:00:00.000Z,NA,NA,NA,695
,2160,711,Limanda limanda,440,7026,NA,NA,NA,NA,NA,NA,female,0.00495,NA,3.14,NA,NA,NA,NA,NA,NA,NA,NA,NA,type I linear regression,Isle of Man,7026,826,NA,3,1994-06-01T00:00:00.000Z,NA,1994-06-01T00:00:00.000Z,NA,NA,NA,695
,2161,711,Limanda limanda,440,7026,NA,NA,NA,NA,NA,NA,male,0.00566,NA,3.109,NA,NA,NA,NA,NA,NA,NA,NA,NA,type I linear regression,Isle of Man,7026,826,NA,3,1994-06-01T00:00:00.000Z,NA,1994-06-01T00:00:00.000Z,NA,NA,NA,695
,2162,711,Limanda limanda,440,7158,NA,NA,NA,NA,NA,303,unsexed,0.00583,NA,3.217,NA,NA,NA,NA,NA,NA,NA,NA,NA,type I linear regression,"Douarnenez Bay, Brittany",7158,250,NA,3,1994-06-26T00:00:00.000Z,NA,1994-06-26T00:00:00.000Z,NA,NA,NA,695
,2163,711,Limanda limanda,440,54271,NA,NA,TL,NA,NA,170,mixed,0.00545,NA,3.195,NA,NA,NA,NA,NA,NA,NA,NA,NA,type I linear regression,"not specified (ICES division), 1986",54271,826A,Year based on publication.,393,2008-12-08T00:00:00.000Z,NA,2008-12-08T00:00:00.000Z,NA,NA,NA,695
,35828,711,Limanda limanda,NA,96303,NA,NA,TL,NA,NA,NA,female,0.0103,NA,2.98,NA,NA,NA,NA,NA,NA,NA,NA,NA,type I linear regression,southern North Sea,NA,528,Length is presumed to be TL. Data source: FRISBE-BTS,3,2014-06-20T00:00:00.000Z,NA,2014-06-20T00:00:00.000Z,NA,NA,NA,695
,35829,711,Limanda limanda,NA,96303,NA,NA,TL,NA,NA,NA,male,0.0071,NA,3.1,NA,NA,NA,NA,NA,NA,NA,NA,NA,type I linear regression,southern North Sea,NA,528,Length is presumed to be TL. Data source: FRISBE-BTS,3,2014-06-20T00:00:00.000Z,NA,2014-06-20T00:00:00.000Z,NA,NA,NA,695
,11462,56744,Limanda limanda,NA,94462,5,40,TL,NA,NA,3778,mixed,0.00545,NA,3.23,0.989,NA,NA,0.212,NA,0.00527,0.00564,3.22,3.24,Type I linear regression,ICES areas 22-32,94462,NA,ICES SMALK data from 2007-11.,393,2013-11-26T00:00:00.000Z,NA,2013-11-26T00:00:00.000Z,NA,NA,NA,695
Y,11461,58234,Limanda limanda,NA,94462,10,33,TL,NA,NA,462,mixed,0.0068,NA,3.14,0.981,NA,NA,0.076,NA,0.00604,0.00772,3.1,3.18,Type I linear regression,"North Sea, Sub-area IV",94462,NA,ICES SMALK data from 2007-11.,393,2013-11-26T00:00:00.000Z,NA,2013-11-26T00:00:00.000Z,NA,NA,NA,695
Y,1144,266,Mallotus villosus,80,1080,NA,NA,TL,NA,NA,NA,female,0.00215,0.00215,3.25,NA,NA,NA,NA,NA,NA,NA,NA,NA,type I linear regression,Labrador Sea,1080,124B,NA,3,1997-03-30T00:00:00.000Z,NA,1997-12-16T00:00:00.000Z,NA,NA,NA,252
Y,1145,266,Mallotus villosus,80,1080,NA,NA,TL,NA,NA,NA,male,0.00146,0.00146,3.41,NA,NA,NA,NA,NA,NA,NA,NA,NA,type I linear regression,Labrador Sea,1080,124B,NA,3,1997-03-30T00:00:00.000Z,NA,1997-03-30T00:00:00.000Z,NA,NA,NA,252
,1146,266,Mallotus villosus,80,56527,NA,NA,FL,NA,NA,NA,Mixed,0.00283,0,3.3056,NA,NA,NA,NA,NA,NA,NA,NA,NA,type I linear regression,Gulf of Anadyr (Bering Sea),NA,643,NA,1287,2006-03-22T23:43:11.000Z,NA,2006-03-22T23:43:11.000Z,NA,NA,NA,252
N,1147,266,Mallotus villosus,80,56527,NA,NA,FL,NA,NA,NA,Mixed,0.0219,0,2.5951,NA,NA,NA,NA,NA,NA,NA,NA,NA,type I linear regression,Peter the Great Bay (Sea of Japan),NA,643,NA,1287,2006-03-22T23:44:04.000Z,NA,2006-03-22T23:44:04.000Z,NA,NA,NA,252
Y,1499,353,Menidia menidia,218,7159,NA,NA,TL,NA,NA,338,mixed,0.00602,0.00602,3.023,0.99401,NA,NA,NA,NA,NA,NA,NA,NA,type I linear regression,"Annapolis River, Nova Scotia",7159,124,NA,3,1994-06-26T00:00:00.000Z,NA,1996-11-14T00:00:00.000Z,NA,NA,NA,339
,10161,39,Merlangius merlangus,183,6014,11,49,TL,NA,NA,982,unsexed,0.00344,0.00344,3.258,0.998,NA,NA,NA,NA,NA,NA,NA,NA,type I linear regression,Bay of Biscay,6014,250,NA,3,1993-08-16T00:00:00.000Z,3,2013-02-07T00:00:00.000Z,NA,NA,NA,29
Y,159,39,Merlangius merlangus,183,6014,4,50,TL,NA,NA,1330,unsexed,0.00621,0.00621,3.103,0.998,NA,NA,NA,NA,NA,NA,NA,NA,type I linear regression,East and West Channel,6014,250,NA,3,1993-08-18T00:00:00.000Z,3,2013-02-07T00:00:00.000Z,NA,NA,NA,29
,10162,39,Merlangius merlangus,183,6014,NA,NA,NA,NA,NA,NA,unsexed,0.00748,NA,3.007,NA,NA,NA,NA,NA,NA,NA,NA,NA,type I linear regression,Western,6014,826B,NA,3,1993-08-18T00:00:00.000Z,3,2013-02-07T00:00:00.000Z,NA,NA,NA,29
,160,39,Merlangius merlangus,183,6014,NA,NA,NA,NA,NA,NA,unsexed,0.00984,NA,2.926,NA,NA,NA,NA,NA,NA,NA,NA,NA,type I linear regression,North Sea,6014,826,NA,3,1993-08-18T00:00:00.000Z,3,2013-02-07T00:00:00.000Z,NA,NA,NA,29
,10163,39,Merlangius merlangus,183,42455,9,37,TL,NA,NA,569,mixed,0.00566,0.00566,3.119,0.95004,NA,NA,NA,NA,NA,NA,NA,NA,type I linear regression,"Thermaikos/Thracian Sea, 1992-93",27055,300,NA,3,2002-08-01T00:00:00.000Z,65,2011-07-15T00:00:00.000Z,NA,NA,NA,29
,161,39,Merlangius merlangus,183,54271,NA,NA,TL,NA,NA,393,mixed,0.00556,NA,3.104,NA,NA,NA,NA,NA,NA,NA,NA,NA,type I linear regression,"not specified (ICES division), 1986",54271,826A,Year based on publication.,393,2008-12-08T00:00:00.000Z,NA,2008-12-08T00:00:00.000Z,NA,NA,NA,29
,10164,39,Merlangius merlangus,183,56510,8,26,TL,NA,NA,NA,Mixed,0.008,0.008,3.0863,0.9988,NA,NA,NA,NA,NA,NA,NA,NA,type I linear regression,Black Sea,NA,810,NA,1287,2006-03-21T18:55:08.000Z,65,2011-07-15T00:00:00.000Z,NA,NA,NA,29
,162,39,Merlangius merlangus,183,59118,14.7,33.4,TL,NA,NA,1134,unsexed,0.0058,NA,3.063,0.919,NA,NA,NA,NA,NA,NA,NA,NA,type I linear regression,"River Mirna estuary, northern Adriatic, 2000-2004",59118,191,NA,3,2009-05-04T00:00:00.000Z,NA,2009-05-07T00:00:00.000Z,NA,NA,NA,29
,10204,39,Merlangius merlangus,183,86700,6.7,29.5,TL,NA,NA,943,unsexed,0.004,NA,3.169,0.983,NA,0.013,NA,NA,NA,NA,3.143,3.196,type I linear regression,"Eastern Black Sea, 2007",NA,792,NA,3,2011-11-10T00:00:00.000Z,65,2014-03-12T00:00:00.000Z,NA,NA,NA,29
,10201,39,Merlangius merlangus,183,86715,8.8,22.7,TL,NA,NA,480,Female,0.007,NA,3.0118,0.96,NA,NA,NA,NA,NA,NA,2.962,3.062,Type II linear regression,"Central Black Sea, 2004-2005",86715,792,NA,3,2011-11-10T00:00:00.000Z,NA,2011-11-11T00:00:00.000Z,NA,NA,NA,29
,10202,39,Merlangius merlangus,183,86715,8.1,22.4,TL,NA,NA,400,Male,0.0084,NA,2.9303,0.94,NA,NA,NA,NA,NA,NA,NA,NA,type II linear regression,"Central Black Sea, 2004-2005",86715,792,NA,3,2011-11-10T00:00:00.000Z,3,2012-09-05T19:25:13.000Z,NA,NA,NA,29
,10203,39,Merlangius merlangus,183,86715,7.7,22.7,TL,NA,NA,904,Mixed,0.0067,NA,3.0248,0.96,NA,NA,NA,NA,NA,NA,2.987,3.063,Type II linear regression,"Central Black Sea, 2004-2005",86715,792,NA,3,2011-11-10T00:00:00.000Z,NA,2011-11-11T00:00:00.000Z,NA,NA,NA,29
,10205,39,Merlangius merlangus,183,88088,7.6,24.2,TL,NA,NA,166,unsexed,0.0047,NA,3.149,0.943,NA,NA,NA,NA,NA,NA,3.087,3.212,type I linear regression,"northern Sea of Marmara, 2006-2007 (Nov.-Mar.)",88088,792,NA,3,2011-11-10T00:00:00.000Z,NA,2011-11-11T00:00:00.000Z,NA,NA,NA,29
,11201,39,Merlangius merlangus,NA,89795,8.8,22.7,TL,NA,NA,480,female,0.007,0.007,3.0118,0.96,NA,0.05,NA,NA,NA,NA,NA,NA,Type I linear regression,middle Black Sea / 2004-2005.,NA,792,NA,65,2012-10-17T00:00:00.000Z,NA,2012-10-17T00:00:00.000Z,NA,NA,NA,29
,11203,39,Merlangius merlangus,NA,89795,8.1,22.4,TL,NA,Yes,400,male,0.084,0.084,2.9303,0.94,NA,0.075,NA,NA,NA,NA,NA,NA,Type I linear regression,middle Black Sea / 2004-2005.,NA,792,NA,65,2012-10-17T00:00:00.000Z,NA,2012-10-17T00:00:00.000Z,NA,NA,NA,29
,11204,39,Merlangius merlangus,NA,89795,7.7,22.7,TL,NA,NA,904,mixed,0.0067,0.0067,3.0248,0.96,NA,0.038,NA,NA,NA,NA,NA,NA,Type I linear regression,middle Black Sea / 2004-2005.,NA,792,NA,65,2012-10-17T00:00:00.000Z,NA,2012-10-17T00:00:00.000Z,NA,NA,NA,29
,35971,39,Merlangius merlangus,NA,91128,5.5,22.5,TL,NA,NA,3715,unsexed,0.004,0.004,3.151,0.99,NA,0.15,NA,NA,NA,NA,NA,NA,Type I linear regression,"Black Sea, 2006-2008",91128,100,NA,393,2014-07-29T00:00:00.000Z,NA,2014-07-29T00:00:00.000Z,NA,NA,NA,29
,5845,4317,Myoxocephalus polyacanthocephalus,277,40637,49.5,49.5,TL,NA,NA,1,unsexed,0.02798,0.02798,3,NA,NA,NA,NA,NA,NA,NA,NA,NA,single L-W pair with b=3,NA,NA,NA,L-W relationship calculated from data in Ref. 40637.,3,2002-04-12T00:00:00.000Z,NA,2002-04-13T00:00:00.000Z,NA,NA,NA,4121
,5846,4317,Myoxocephalus polyacanthocephalus,277,43945,29,75,TL,NA,NA,837,Female,0.0062,0.0062,3.2535,0.998,NA,NA,NA,NA,NA,NA,NA,NA,type I linear regression,Kamchatka/19479-1980,NA,643,NA,1287,2006-03-14T01:06:31.000Z,NA,2006-03-14T01:06:31.000Z,NA,NA,NA,4121
,5847,4317,Myoxocephalus polyacanthocephalus,277,43945,29,50,TL,NA,NA,324,Male,0.0092,0.0092,3.1297,0.998,NA,NA,NA,NA,NA,NA,NA,NA,type I linear regression,Kamchatka/1979-1980,NA,643,NA,1287,2006-03-14T01:05:26.000Z,NA,2006-03-14T01:05:26.000Z,NA,NA,NA,4121
,5848,4317,Myoxocephalus polyacanthocephalus,277,56472,NA,NA,TL,NA,NA,NA,Mixed,0.007,0.007,3.215,NA,NA,NA,NA,NA,NA,NA,NA,NA,type I linear regression,Sea of Okhotsk,NA,643,NA,1287,2006-03-17T16:44:55.000Z,NA,2006-03-17T16:44:55.000Z,NA,NA,NA,4121
Y,5849,4317,Myoxocephalus polyacanthocephalus,277,80637,39,79,TL,NA,NA,347,mixed,0.0123,NA,3.08,0.926,NA,NA,NA,NA,NA,NA,2.99,3.17,type I linear regression,"western Bering Sea (Russian EEZ and within 54°-60°N, 164°E-177°W), 1990; 1995-98",80637,643,NA,3,2009-03-31T00:00:00.000Z,NA,2011-05-19T00:00:00.000Z,NA,NA,NA,4121
Y,36628,1016,Oligoplites saliens,NA,94907,6.5,18.3,TL,NA,NA,30,unsexed,0.0069,NA,2.9,0.988,NA,NA,NA,NA,0.00533,0.00987,2.78,3.02,Type I linear regression,Parana´ state coast / 2004 - 2005,NA,484,NA,65,2015-06-23T00:00:00.000Z,NA,2015-06-23T00:00:00.000Z,NA,NA,NA,1000
Y,5226,3265,Opsanus tau,189,744,NA,NA,NA,NA,NA,NA,female,0.00885,NA,3.104,NA,NA,NA,NA,NA,NA,NA,NA,NA,type I linear regression,"Paxtuxent River, Solomons, Maryland",744,840,NA,3,1995-11-29T00:00:00.000Z,NA,1995-11-29T00:00:00.000Z,NA,NA,NA,3069
Y,5227,3265,Opsanus tau,189,744,NA,NA,NA,NA,NA,NA,male,0.0068,NA,3.16,NA,NA,NA,NA,NA,NA,NA,NA,NA,type I linear regression,"Paxtuxent River, Solomons, Maryland",744,840,NA,3,1995-11-29T00:00:00.000Z,NA,1995-11-29T00:00:00.000Z,NA,NA,NA,3069
Y,65,5,Orthopristis chrysoptera,327,6937,15.6,23.4,FL,NA,NA,49,unsexed,0.0149,NA,3.189,0.95,0.024,0.104,NA,NA,NA,NA,NA,NA,type I linear regression,Southern Florida,6937,840,NA,82,1994-05-14T00:00:00.000Z,3,2011-07-29T00:00:00.000Z,NA,NA,NA,5
,36554,5,Orthopristis chrysoptera,NA,95265,5.3,22.5,SL,NA,NA,146,unsexed,0.0203,NA,3.058,0.983,NA,0.033,NA,NA,NA,NA,2.993,3.123,Type I linear regression,"Celestun lagoon, Yucatan, 1990-2006",95265,484,Weight range: 3.30 - 206.67 g. LWR for juveniles.,393,2015-04-02T00:00:00.000Z,NA,2015-04-02T00:00:00.000Z,NA,NA,NA,5
Y,5882,4424,Paralichthys californicus,514,40637,52.7,132,TL,NA,NA,60,unsexed,0.00814,0.00814,3.071,0.93896,NA,NA,NA,NA,NA,NA,NA,NA,type I linear regression,NA,NA,NA,L-W relationship calculated from data in Ref. 40637.,3,2002-04-08T00:00:00.000Z,NA,2002-04-08T00:00:00.000Z,NA,NA,NA,4228
,5902,4444,Parophrys vetulus,440,4511,NA,NA,NA,NA,NA,159,unsexed,0.00383,NA,3.127,0.9409,NA,NA,NA,NA,NA,NA,NA,NA,type I linear regression,"North Puget Sound, Washington",4511,840,NA,3,1992-07-27T00:00:00.000Z,NA,1993-06-02T00:00:00.000Z,NA,NA,NA,4248
Y,5903,4444,Parophrys vetulus,440,56527,22,55,TL,no,NA,1643,Mixed,0.01429,0.01429,2.9036,NA,NA,NA,NA,NA,NA,NA,NA,NA,type I linear regression,Strait of Georgia,NA,124C,NA,1287,2006-03-23T20:45:37.000Z,3,2012-03-30T00:00:00.000Z,NA,NA,NA,4248
,5904,4445,Platichthys stellatus,440,40637,54.1,51.4,TL,NA,NA,1,unsexed,0.0125,0.0125,3,NA,NA,NA,NA,NA,NA,NA,NA,NA,single L-W pair with b=3,NA,NA,NA,L-W relationship calculated from data in Ref. 40637.,3,2002-04-12T00:00:00.000Z,NA,2002-04-13T00:00:00.000Z,NA,NA,NA,4249
Y,5905,4445,Platichthys stellatus,440,56527,27,64,TL,NA,NA,263,Mixed,0.00359,0.00359,3.3433,NA,NA,NA,NA,NA,NA,NA,NA,NA,type I linear regression,Br. Columbia,NA,124C,NA,1287,2006-03-23T18:59:04.000Z,NA,2006-03-23T18:59:04.000Z,NA,NA,NA,4249
,5906,4445,Platichthys stellatus,440,56527,22,51,TL,NA,NA,297,Mixed,0.01531,0.01531,2.9993,NA,NA,NA,NA,NA,NA,NA,NA,NA,type I linear regression,Sea of Japan,NA,643,NA,1287,2006-03-23T18:58:04.000Z,NA,2006-03-23T18:58:04.000Z,NA,NA,NA,4249
,3342,1360,Pleuronectes platessa,440,4552,NA,NA,NA,NA,NA,NA,unsexed,0.00892,NA,3,NA,NA,NA,NA,NA,NA,NA,NA,NA,type I linear regression,"Lowestoft, North Sea",NA,826A,NA,3,1992-08-14T00:00:00.000Z,NA,1993-05-29T00:00:00.000Z,NA,NA,NA,1342
,3343,1360,Pleuronectes platessa,440,6014,2,70,TL,NA,NA,492,unsexed,0.00526,0.00526,3.225,0.998,NA,NA,NA,NA,NA,NA,NA,NA,type I linear regression,Bay of Biscay,6014,250,NA,3,1993-08-16T00:00:00.000Z,3,2013-02-07T00:00:00.000Z,NA,NA,NA,1342
Y,3344,1360,Pleuronectes platessa,440,6014,2,63,TL,NA,NA,4562,unsexed,0.0103,0.0103,3.017,0.996,NA,NA,NA,NA,NA,NA,NA,NA,type I linear regression,East and West Channel,6014,250,NA,3,1993-08-18T00:00:00.000Z,3,2013-02-07T00:00:00.000Z,NA,NA,NA,1342
,3345,1360,Pleuronectes platessa,440,7158,NA,NA,NA,NA,NA,316,unsexed,0.00962,NA,3.059,NA,NA,NA,NA,NA,NA,NA,NA,NA,type I linear regression,"Douarnenez Bay, Brittany",7158,250,NA,3,1994-06-26T00:00:00.000Z,NA,1994-06-26T00:00:00.000Z,NA,NA,NA,1342
,3346,1360,Pleuronectes platessa,440,34032,NA,NA,TL,NA,NA,NA,unsexed,0.011,0.011,3.009,NA,NA,NA,NA,NA,NA,NA,NA,NA,type I linear regression,"Anglesey, North Wales, 1988 (autumn )",34032,826A,NA,3,2000-06-06T00:00:00.000Z,NA,2002-06-13T00:00:00.000Z,NA,NA,NA,1342
,3347,1360,Pleuronectes platessa,440,54271,NA,NA,TL,NA,NA,453,mixed,0.0089,NA,3.053,NA,NA,NA,NA,NA,NA,NA,NA,NA,type I linear regression,"not specified (ICES division), 1986",54271,826A,Year based on publication.,393,2008-12-08T00:00:00.000Z,NA,2008-12-08T00:00:00.000Z,NA,NA,NA,1342
,11467,56799,Pleuronectes platessa,NA,94462,8.5,55,TL,NA,NA,7191,mixed,0.0107,NA,2.97,0.986,NA,NA,0.048,NA,0.00977,0.0103,2.97,2.99,Type I linear regression,"North Sea, Sub- area IV",94462,NA,ICES SMALK data from 2000-12.,393,2013-11-26T00:00:00.000Z,NA,2013-11-26T00:00:00.000Z,NA,NA,NA,1342
,11468,58239,Pleuronectes platessa,NA,94462,NA,NA,NA,NA,NA,8379,mixed,0.0101,NA,3,0.979,NA,NA,NA,NA,0.00975,0.0104,2.99,3.01,Type I linear regression,"Kattegat, Belt and Sounds",94462,NA,ICES SMALK data from 2000-12.,393,2013-11-26T00:00:00.000Z,NA,2013-11-26T00:00:00.000Z,NA,NA,NA,1342
,11469,58241,Pleuronectes platessa,NA,94462,NA,NA,NA,NA,NA,3821,mixed,0.0123,NA,2.94,0.976,NA,NA,NA,NA,0.0117,0.0129,2.92,2.95,Type I linear regression,"Baltic Sea, subdivisions 24-32",94462,NA,ICES SMALK data from 2000-12.,393,2013-11-26T00:00:00.000Z,NA,2013-11-26T00:00:00.000Z,NA,NA,NA,1342
Y,8717,9512,Pomatoschistus marmoratus,405,50932,1.2,6.2,TL,NA,NA,3538,unsexed,0.0051,0.0051,3.308,0.95063,NA,NA,NA,NA,NA,NA,NA,NA,type I linear regression,"Strymon estuary, NW Aegean, 1997-99",50932,300,NA,3,2004-04-17T00:00:00.000Z,NA,2017-04-04T00:00:00.000Z,NA,NA,NA,9191
,8718,9512,Pomatoschistus marmoratus,405,50932,1.9,5.9,TL,NA,NA,44,unsexed,0.0066,0.0066,3.198,0.95844,NA,NA,NA,NA,NA,NA,NA,NA,type I linear regression,"Porto-Lagos, NE Aegean, 1988-90",50932,300,NA,3,2004-04-17T00:00:00.000Z,NA,2017-04-04T00:00:00.000Z,NA,NA,NA,9191
,8719,9512,Pomatoschistus marmoratus,405,50932,2.9,5.7,TL,NA,NA,23,unsexed,0.0156,0.0156,2.71,0.91394,NA,NA,NA,NA,NA,NA,NA,NA,type I linear regression,"Rihios estuary, NW Aegean, 1997-99",50932,300,NA,3,2004-04-17T00:00:00.000Z,NA,2017-04-04T00:00:00.000Z,NA,NA,NA,9191
,8720,9512,Pomatoschistus marmoratus,405,59098,2,3.7,FL,NA,NA,56,unsexed,0.00511,NA,3.54,0.89492,NA,0.164,NA,NA,NA,NA,NA,NA,type I linear regression,"Segura River basin (reservoirs), 2000-2004",59098,724,NA,3,2008-10-30T00:00:00.000Z,3,2011-11-17T00:00:00.000Z,NA,NA,NA,9191
,8721,9512,Pomatoschistus marmoratus,405,59099,1.4,5.5,TL,NA,NA,1710,unsexed,0.00756,NA,3.15,0.95453,NA,NA,NA,NA,NA,NA,NA,NA,type I linear regression,"Mar Menor lagoon, 2002-2004",59099,724,NA,3,2008-10-30T00:00:00.000Z,NA,2008-10-30T00:00:00.000Z,NA,NA,NA,9191
,8722,9512,Pomatoschistus marmoratus,405,59118,1.2,4.4,TL,NA,NA,388,unsexed,0.0051,NA,3.29,0.955,NA,NA,NA,NA,NA,NA,NA,NA,type I linear regression,"River Neretva estuary, middle Adriatic, 2000-2004",59118,191,NA,3,2009-05-06T00:00:00.000Z,NA,2009-05-07T00:00:00.000Z,NA,NA,NA,9191
,3118,1261,Prionotus punctatus,266,8571,5,20,NA,NA,yes,94,juvenile,0.0066,NA,3.14,NA,NA,NA,NA,NA,NA,NA,NA,NA,type I linear regression,Southeast Zone,NA,192,NA,3,1995-01-17T00:00:00.000Z,3,2012-03-30T00:00:00.000Z,NA,NA,NA,1245
,3119,1261,Prionotus punctatus,266,39376,6.6,43,TL,NA,NA,1076,unsexed,0.0056,0.0056,3.238,0.96826,NA,NA,NA,NA,NA,NA,NA,NA,type I linear regression,Rio Grande do Sul (28°-34°S),39376,76,NA,3,2001-08-14T00:00:00.000Z,3,2002-06-12T00:00:00.000Z,NA,NA,NA,1245
,3120,1261,Prionotus punctatus,NA,40728,2.9,37.5,TL,NA,NA,862,Unsexed,0.00938,NA,3.095,0.98,NA,NA,NA,NA,NA,NA,NA,NA,type I linear regression,"Southeastern region (São Sebastião System), São Paulo, 1997",40728,76,NA,564,2009-11-13T00:00:00.000Z,3,2010-04-29T00:00:00.000Z,NA,NA,NA,1245
,3121,1261,Prionotus punctatus,266,54998,10,43,TL,NA,NA,NA,unsexed,0.0129,0.0129,3.009,0.95844,NA,NA,NA,NA,NA,NA,NA,NA,type I linear regression,"southern region, 1998-1999",54998,76,NA,3,2005-07-29T00:00:00.000Z,3,2005-07-29T00:00:00.000Z,NA,NA,NA,1245
,3122,1261,Prionotus punctatus,266,55926,NA,NA,TL,NA,NA,NA,mixed,0.0179,0.0179,2.904,NA,NA,NA,NA,NA,NA,NA,NA,NA,type I linear regression,Southwestern EEZ of Brazil.,NA,76,NA,1,2005-12-05T00:00:00.000Z,NA,2005-12-05T00:00:00.000Z,NA,NA,NA,1245
,3123,1261,Prionotus punctatus,266,80009,4.3,19.1,TL,NA,yes,47,juvenile,0.00116,NA,3.047,0.98605,0.109,0.049,NA,NA,NA,NA,NA,NA,type I linear regression,"Espirito Santo (0°S - 25°S), 2003-2004",80009,76,NA,3,2009-01-20T00:00:00.000Z,2,2014-05-14T00:00:00.000Z,NA,NA,NA,1245
,3124,1261,Prionotus punctatus,266,80009,2.2,13.2,TL,NA,yes,42,juvenile,0.0183,NA,2.804,0.99002,0.077,0.039,NA,NA,NA,NA,NA,NA,type I linear regression,"Paraná (0°S - 25°S), 2003-2004",80009,76,NA,3,2009-01-20T00:00:00.000Z,2,2014-05-14T00:00:00.000Z,NA,NA,NA,1245
,3125,1261,Prionotus punctatus,NA,83781,3,28,TL,NA,NA,NA,Unsexed,0.00557,NA,3.2409,NA,NA,NA,NA,NA,NA,NA,NA,NA,type I linear regression,"Anchieta Island, São Paulo, 1987",83781,76,NA,564,2009-11-13T00:00:00.000Z,3,2010-04-29T00:00:00.000Z,NA,NA,NA,1245
Y,3126,1261,Prionotus punctatus,NA,83815,NA,NA,TL,NA,NA,2674,Mixed,0.00971,NA,3.074,NA,NA,NA,NA,NA,NA,NA,NA,NA,type I linear regression,"Southern region, 1990-1993",83815,76,NA,564,2009-11-13T00:00:00.000Z,3,2010-04-29T00:00:00.000Z,NA,NA,NA,1245
,3127,1261,Prionotus punctatus,NA,83872,2.2,38.6,TL,NA,NA,3018,Unsexed,0.0116,NA,2.96,0.98,NA,NA,NA,NA,NA,NA,NA,NA,type I linear regression,"Southeastern region, 1995-1996",83872,76,NA,564,2009-11-13T00:00:00.000Z,3,2010-04-29T00:00:00.000Z,NA,NA,NA,1245
,35409,1261,Prionotus punctatus,NA,94841,3.8,12.7,TL,NA,NA,36,unsexed,0.0139,NA,2.967,0.98,NA,NA,NA,NA,0.0107,0.018,2.834,3.1,Type I linear regression,southern Bahia / 2003-2005,NA,76,NA,65,2014-03-13T00:00:00.000Z,NA,2014-03-13T00:00:00.000Z,NA,NA,NA,1245
,36687,1261,Prionotus punctatus,NA,94907,3,17.4,TL,NA,NA,152,unsexed,0.00729,NA,2.98,0.989,NA,NA,NA,NA,0.00663,0.00801,2.93,3.03,Type I linear regression,Parana´ state coast / 2004 - 2005,NA,76,NA,65,2015-06-29T00:00:00.000Z,NA,2015-06-29T00:00:00.000Z,NA,NA,NA,1245
,3249,1343,Pseudorhombus arsius,514,3643,NA,NA,NA,NA,NA,NA,unsexed,0.00298,NA,3.418,NA,NA,NA,NA,NA,NA,NA,NA,NA,type I linear regression,NA,3643,414,used whole weight,3,1992-05-28T00:00:00.000Z,NA,1993-05-05T00:00:00.000Z,NA,NA,NA,1325
,3250,1343,Pseudorhombus arsius,514,4749,8.5,25,TL,NA,NA,90,unsexed,0.00676,0.00676,3.076,0.9722,NA,NA,NA,NA,NA,NA,NA,NA,type I linear regression,"Northern Territory, 1987-88",4749,36,NA,3,1992-11-07T00:00:00.000Z,NA,1993-05-05T00:00:00.000Z,NA,NA,NA,1325
Y,3251,1343,Pseudorhombus arsius,514,5989,10,29,NA,NA,NA,376,female,0.00444,NA,3.176,0.98605,NA,NA,NA,NA,NA,NA,NA,NA,type I linear regression,NA,5989,356,NA,3,1993-08-18T00:00:00.000Z,NA,1994-06-19T00:00:00.000Z,NA,NA,NA,1325
Y,3252,1343,Pseudorhombus arsius,514,5989,10,27.7,NA,NA,NA,385,male,0.00608,NA,3.119,0.98208,NA,NA,NA,NA,NA,NA,NA,NA,type I linear regression,NA,5989,356,NA,3,1993-08-18T00:00:00.000Z,NA,1994-06-19T00:00:00.000Z,NA,NA,NA,1325
,3253,1343,Pseudorhombus arsius,514,37813,2.1,13.8,SL,NA,NA,10,unsexed,0.0142,NA,3.132,0.995,NA,NA,NA,NA,NA,NA,NA,NA,type I linear regression,"estuaries, 1993-99",37813,710,NA,3,2001-04-20T00:00:00.000Z,3,2011-09-29T00:00:00.000Z,NA,NA,NA,1325
Y,5274,3469,Pungitius pungitius,260,30504,2.7,4,SL,NA,NA,4,unsexed,0.01102,NA,3,NA,NA,NA,NA,NA,NA,NA,NA,NA,several L-W pairs with b=3,NA,NA,NA,Estimated from length-weight pairs in the BRAINS table.,1,1999-06-15T00:00:00.000Z,NA,1999-06-15T00:00:00.000Z,NA,NA,NA,3273
Y,4891,2745,Rhinobatos productus,17,6323,130,130,TL,no,NA,1,unsexed,0.00396,0.00396,3,NA,NA,NA,NA,NA,NA,NA,NA,NA,single L-W pair with b=3,NA,NA,NA,Estimated from data given in Reference.,1,1999-06-17T00:00:00.000Z,3,2012-03-30T00:00:00.000Z,NA,NA,NA,2549
,4034,1897,Salaria pavo,392,50932,6.5,10.3,TL,NA,NA,5,unsexed,0.011,0.011,2.977,0.98804,NA,NA,NA,NA,NA,NA,NA,NA,type I linear regression,"Rihios estuary, NW Aegean, 1997-99",50932,300,NA,3,2004-04-17T00:00:00.000Z,NA,2017-04-04T00:00:00.000Z,NA,NA,NA,1701
Y,4035,1897,Salaria pavo,392,59099,1.5,12.7,TL,NA,NA,724,unsexed,0.0103,NA,3.023,0.97812,NA,NA,NA,NA,NA,NA,NA,NA,type I linear regression,"Mar Menor lagoon, 2002-2004",59099,724,NA,3,2008-10-30T00:00:00.000Z,3,2010-07-10T00:00:00.000Z,NA,NA,NA,1701
,3780,1698,Sardinella brasiliensis,43,31494,NA,NA,TL,NA,NA,NA,unsexed,0.00351,0.00351,3.29,NA,NA,NA,NA,NA,NA,NA,NA,NA,type I linear regression,"Southeastern coast, 1977-82",31494,76,NA,3,2002-10-25T00:00:00.000Z,NA,2002-10-25T00:00:00.000Z,NA,NA,NA,1505
,3781,1698,Sardinella brasiliensis,43,54999,8,25,TL,NA,NA,NA,unsexed,0.00425,0.00425,3.11,NA,NA,NA,NA,NA,NA,NA,NA,NA,type I linear regression,"Santa Catarina, 2002-2003",54999,76,NA,3,2005-07-29T00:00:00.000Z,3,2005-07-29T00:00:00.000Z,NA,NA,NA,1505
,3782,1698,Sardinella brasiliensis,NA,55642,15.8,18.5,FL,NA,NA,40,Unsexed,0.0086,NA,3.155,0.891,NA,NA,NA,NA,NA,NA,NA,NA,type I linear regression,"Central coast, 1993-2000",55642,76,NA,564,2009-11-13T00:00:00.000Z,3,2010-04-29T00:00:00.000Z,NA,NA,NA,1505
,3783,1698,Sardinella brasiliensis,NA,83835,NA,NA,TL,NA,NA,NA,Unsexed,0.00327,NA,3.31,NA,NA,NA,NA,NA,NA,NA,NA,NA,type I linear regression,"Southeastern coast, 1977-1992",31494,76,NA,564,2009-11-13T00:00:00.000Z,3,2010-04-29T00:00:00.000Z,NA,NA,NA,1505
,3784,1698,Sardinella brasiliensis,NA,83835,NA,NA,TL,NA,NA,NA,Unsexed,0.00339,NA,3.3,NA,NA,NA,NA,NA,NA,NA,NA,NA,type I linear regression,"Southeastern coast, 1977-1992",31494,76,NA,564,2009-11-13T00:00:00.000Z,3,2010-04-29T00:00:00.000Z,NA,NA,NA,1505
,3785,1698,Sardinella brasiliensis,NA,83835,NA,NA,TL,NA,NA,NA,Unsexed,0.0039,NA,3.23,NA,NA,NA,NA,NA,NA,NA,NA,NA,type I linear regression,"Southeastern coast, 1977-1992",31494,76,NA,564,2009-11-13T00:00:00.000Z,3,2010-04-29T00:00:00.000Z,NA,NA,NA,1505
,3786,1698,Sardinella brasiliensis,NA,83835,NA,NA,TL,NA,NA,NA,Unsexed,0.004,NA,3.26,NA,NA,NA,NA,NA,NA,NA,NA,NA,type I linear regression,"Southeastern coast, 1977-1992",31494,76,NA,564,2009-11-13T00:00:00.000Z,3,2010-04-29T00:00:00.000Z,NA,NA,NA,1505
,3787,1698,Sardinella brasiliensis,NA,83835,NA,NA,TL,NA,NA,NA,Unsexed,0.00454,NA,3.21,NA,NA,NA,NA,NA,NA,NA,NA,NA,type I linear regression,"Southeastern coast, 1977-1992",31494,76,NA,564,2009-11-13T00:00:00.000Z,3,2010-04-29T00:00:00.000Z,NA,NA,NA,1505
Y,36121,1698,Sardinella brasiliensis,NA,97037,2.6,5.4,TL,NA,Yes,118,unsexed,0.003,NA,3.547,0.95,NA,0.075,NA,NA,NA,NA,3.396,3.697,Type I linear regression,"Marica, Sacuarema, Araruama coastal lagoons, South western Brazil / 2011.",NA,76,narrow length range of specimens,65,2014-08-14T00:00:00.000Z,NA,2014-08-14T00:00:00.000Z,NA,NA,NA,1505
,3736,1670,Sardinops sagax,43,850,18.2,21.6,TL,NA,NA,5,unsexed,0.00761,0.00761,3,NA,NA,NA,NA,NA,NA,NA,NA,NA,other,NA,NA,810,NA,3,1998-09-17T00:00:00.000Z,NA,2001-09-05T00:00:00.000Z,NA,NA,NA,1477
,3737,1670,Sardinops sagax,43,3678,NA,NA,SL,NA,NA,NA,unsexed,0.0203,0.01135,2.83,NA,NA,NA,NA,NA,NA,NA,NA,NA,type I linear regression,NA,3670,710,NA,3,1992-05-31T00:00:00.000Z,3,2003-05-29T00:00:00.000Z,NA,NA,NA,1477
,3738,1670,Sardinops sagax,43,11192,NA,NA,NA,NA,yes,NA,unsexed,0.00526,NA,3.615,NA,NA,NA,NA,NA,NA,NA,NA,NA,type I linear regression,Sea of Japan,11192,392,NA,168,1997-07-10T00:00:00.000Z,3,2003-05-29T00:00:00.000Z,NA,NA,NA,1477
,3739,1670,Sardinops sagax,43,27750,NA,NA,SL,NA,NA,NA,unsexed,0.0203,0.01126,2.868,NA,NA,NA,NA,NA,NA,NA,NA,NA,type I linear regression,NA,47159,710,NA,3,2003-05-29T00:00:00.000Z,NA,2003-05-29T00:00:00.000Z,NA,NA,NA,1477
,3740,1670,Sardinops sagax,43,37813,2.3,20.8,SL,NA,NA,28,unsexed,0.00703,0.00213,3.23,0.984,NA,NA,NA,NA,NA,NA,NA,NA,type I linear regression,"estuaries, 1993-99",37813,710,NA,3,2001-04-21T00:00:00.000Z,3,2011-09-29T00:00:00.000Z,NA,NA,NA,1477
,3741,1670,Sardinops sagax,NA,54657,NA,NA,SL,NA,No,23,unsexed,0.00637,NA,3.07,NA,NA,NA,NA,NA,NA,NA,NA,NA,type I linear regression,"off southern California, 1971-78",54657,840,Intercept given in Table 1 of Ref. 54657 was adjusted here for L-W in g-cm; original L-W presumed to be in mg-mm as can be deduced from Table 2.,3,2009-09-16T00:00:00.000Z,NA,2009-09-23T00:00:00.000Z,NA,NA,NA,1477
Y,3742,1670,Sardinops sagax,43,56209,7,28.8,SL,NA,No,1000,Mixed,0.00763,0.004,3.15,NA,NA,NA,NA,NA,NA,NA,NA,NA,type I linear regression,"San Pedro, California, 1921 - 1927",NA,840,Converted from mm (a = 0.0000054) to cm.,1,2006-02-22T19:02:01.000Z,3,2010-04-10T00:00:00.000Z,NA,NA,NA,1477
,3743,1670,Sardinops sagax,43,56239,NA,NA,SL,NA,NA,112,Male,0.009,0.00476,3.1,NA,NA,NA,NA,NA,NA,NA,NA,NA,type I linear regression,"California, 1928",NA,840,"""Adult male California sardines.""",1,2006-02-28T23:28:29.000Z,NA,2006-02-28T23:28:29.000Z,NA,NA,NA,1477
Y,35846,21163,Scartichthys viridis,NA,95867,5.5,19,TL,NA,NA,126,unsexed,0.0191,0.0191,2.736,0.86,NA,1.019,NA,NA,NA,NA,NA,NA,Type I linear regression,Northern and central coast of Chile/ 2004-2005; 2012-2013.,NA,152,NA,65,2014-06-23T00:00:00.000Z,NA,2014-06-23T00:00:00.000Z,NA,NA,NA,27051
,2983,1207,Sciaenops ocellatus,331,6323,144,144,TL,NA,NA,1,unsexed,0.0143,0.0143,3,NA,NA,NA,NA,NA,NA,NA,NA,NA,single L-W pair with b=3,NA,NA,NA,Estimated from data given in Reference.,1,1999-06-17T00:00:00.000Z,NA,2002-01-27T00:00:00.000Z,NA,NA,NA,1191
,2984,1207,Sciaenops ocellatus,331,32121,24.2,100,FL,NA,NA,41,mixed,0.00774,0.00651,3.098,0.99202,NA,NA,NA,NA,NA,NA,NA,NA,type I linear regression,"Gulf coast, Florida, 1981-83",32121,840,NA,3,2002-01-27T00:00:00.000Z,NA,2002-01-27T00:00:00.000Z,NA,NA,NA,1191
Y,2985,1207,Sciaenops ocellatus,331,32121,25.7,111,FL,NA,NA,484,mixed,0.01001,0.00846,3.028,0.99202,NA,NA,NA,NA,NA,NA,NA,NA,type I linear regression,"Atlantic coast, Florida, 1981-83",32121,840,NA,3,2002-01-27T00:00:00.000Z,NA,2002-01-27T00:00:00.000Z,NA,NA,NA,1191
Y,6490,4773,Sebastes pachycephalus,573,40637,30,42,TL,NA,NA,3,unsexed,0.0201,0.0201,3,NA,NA,NA,NA,NA,NA,NA,NA,NA,several L-W pairs with b=3,NA,NA,NA,L-W relationship calculated from data in Ref. 40637.,3,2002-04-13T00:00:00.000Z,NA,2002-04-13T00:00:00.000Z,NA,NA,NA,4587
Y,8418,8236,Sillago maculata,307,30504,19.9,19.9,TL,NA,NA,1,unsexed,0.00761,0.00761,3,NA,NA,NA,NA,NA,NA,NA,NA,NA,single L-W pair with b=3,NA,NA,NA,Estimated from length-weight pairs in the BRAINS table.,1,1999-06-15T00:00:00.000Z,NA,1999-06-15T00:00:00.000Z,NA,NA,NA,7925
Y,8419,8236,Sillago maculata,307,30504,NA,NA,SL,NA,NA,1,unsexed,0.01221,NA,3,NA,NA,NA,NA,NA,NA,NA,NA,NA,single L-W pair with b=3,NA,NA,NA,Estimated from length-weight pairs in the BRAINS table.,1,1999-06-15T00:00:00.000Z,NA,1999-06-15T00:00:00.000Z,NA,NA,NA,7925
,3432,1375,Sprattus sprattus,43,268,NA,NA,NA,NA,NA,NA,unsexed,0.00211,NA,3.475,NA,NA,NA,NA,NA,NA,NA,NA,NA,type I linear regression,North Sea,NA,826,NA,3,1992-07-15T00:00:00.000Z,NA,1993-06-04T00:00:00.000Z,NA,NA,NA,1357
,3433,1375,Sprattus sprattus,43,268,NA,NA,NA,NA,NA,NA,unsexed,0.00215,NA,3.475,NA,NA,NA,NA,NA,NA,NA,NA,NA,type I linear regression,West Scotland,NA,826B,NA,3,1992-07-15T00:00:00.000Z,NA,1993-05-06T00:00:00.000Z,NA,NA,NA,1357
,3434,1375,Sprattus sprattus,43,268,NA,NA,NA,NA,NA,NA,unsexed,0.00219,NA,3.479,NA,NA,NA,NA,NA,NA,NA,NA,NA,type I linear regression,Clyde,NA,826A,NA,3,1992-07-15T00:00:00.000Z,NA,1993-06-04T00:00:00.000Z,NA,NA,NA,1357
,3435,1375,Sprattus sprattus,43,47114,11.9,13.6,TL,NA,NA,8,unsexed,0.0041,0.0041,3.22,NA,NA,NA,NA,NA,NA,NA,NA,NA,type I linear regression,"Western Baltic, 1900",47114,276,NA,1,2003-08-02T00:00:00.000Z,3,2003-08-02T00:00:00.000Z,NA,NA,NA,1357
,3436,1375,Sprattus sprattus,43,53846,8.6,11.9,TL,NA,NA,208,mixed,0.0226,NA,2.51,0.637,NA,NA,NA,NA,NA,NA,NA,NA,type I linear regression,"eastern Adriatic Sea, 1998-03",53846,191,NA,393,2008-07-04T00:00:00.000Z,NA,2008-07-04T00:00:00.000Z,NA,NA,NA,1357
,3437,1375,Sprattus sprattus,43,56510,6.6,10.6,FL,NA,NA,NA,Mixed,0.0039,0,3.4068,0.93664,NA,NA,NA,NA,NA,NA,NA,NA,type I linear regression,Black Sea,NA,810,NA,1287,2006-03-21T18:49:20.000Z,NA,2006-03-21T18:49:20.000Z,NA,NA,NA,1357
,10282,1375,Sprattus sprattus,43,86715,5.6,11.2,TL,NA,NA,2958,Female,0.008,NA,2.8639,0.85,NA,NA,NA,NA,NA,NA,2.821,2.907,Type II linear regression,"Central Black Sea, 2004-2005",86715,792,NA,3,2011-11-10T00:00:00.000Z,NA,2011-11-11T00:00:00.000Z,NA,NA,NA,1357
,10283,1375,Sprattus sprattus,43,86715,5.6,12.6,TL,NA,NA,2113,Male,0.0076,NA,2.8776,0.9,NA,NA,NA,NA,NA,NA,2.836,2.92,Type II linear regression,"Central Black Sea, 2004-2005",86715,792,NA,3,2011-11-10T00:00:00.000Z,NA,2011-11-11T00:00:00.000Z,NA,NA,NA,1357
,10284,1375,Sprattus sprattus,43,88089,3.8,5.5,TL,NA,yes,52,juvenile,0.0023,NA,3.528,0.795,NA,0.51,NA,NA,NA,NA,NA,NA,Type II linear regression,"Erdek Bay (27°20'- 27°52' E; 40°18'-40°28' N), Sea of Marmara, 2000-2001",88089,792,NA,3,2011-11-10T00:00:00.000Z,3,2012-03-30T00:00:00.000Z,NA,NA,NA,1357
,11205,1375,Sprattus sprattus,NA,89795,5.6,11.2,TL,NA,NA,2958,female,0.008,0.008,2.8639,0.85,NA,0.043,NA,NA,NA,NA,NA,NA,Type I linear regression,middle Black Sea / 2004-2005.,NA,792,NA,65,2012-10-17T00:00:00.000Z,NA,2012-10-17T00:00:00.000Z,NA,NA,NA,1357
,11206,1375,Sprattus sprattus,NA,89795,5.6,12.6,TL,NA,NA,2113,male,0.0076,0.0076,2.8776,0.9,NA,0.042,NA,NA,NA,NA,NA,NA,Type I linear regression,middle Black Sea / 2004-2005.,NA,792,NA,65,2012-10-17T00:00:00.000Z,NA,2012-10-17T00:00:00.000Z,NA,NA,NA,1357
Y,11207,1375,Sprattus sprattus,NA,89795,5.6,12.6,TL,NA,NA,5087,mixed,0.0079,0.0079,2.8676,0.88,NA,0.03,NA,NA,NA,NA,NA,NA,Type I linear regression,middle Black Sea / 2004-2005.,NA,792,NA,65,2012-10-17T00:00:00.000Z,NA,2012-10-17T00:00:00.000Z,NA,NA,NA,1357
,35969,1375,Sprattus sprattus,NA,91128,6,11.5,TL,NA,NA,3060,unsexed,0.01,0.01,2.733,0.78,NA,0.24,NA,NA,NA,NA,NA,NA,Type I linear regression,"Black Sea, 2006-2008",91128,100,NA,393,2014-07-29T00:00:00.000Z,NA,2014-07-29T00:00:00.000Z,NA,NA,NA,1357
,10092,55042,Sprattus sprattus,43,52153,NA,NA,TL,NA,NA,1,unsexed,0.00637,0.00637,3,NA,NA,NA,NA,NA,NA,NA,NA,NA,single L-W pair with b=3,NA,NA,233,NA,3,2004-09-16T00:00:00.000Z,NA,2004-09-16T00:00:00.000Z,NA,NA,NA,1357
,11472,55042,Sprattus sprattus,NA,94462,5.5,15.5,TL,NA,NA,9697,mixed,0.00377,NA,3.2,0.939,NA,NA,0.194,NA,0.00358,0.00397,3.17,3.22,Type I linear regression,"Baltic Sea, sub-divisions 22-32",94462,NA,ICES SMALK data from 2000-12.,393,2013-11-26T00:00:00.000Z,NA,2013-11-26T00:00:00.000Z,NA,NA,NA,1357
,11471,56829,Sprattus sprattus,NA,94462,5,15.5,TL,NA,NA,10639,mixed,0.00289,NA,3.36,0.954,NA,NA,0.083,NA,0.00277,0.00301,3.34,3.38,Type I linear regression,North Sea Sub-area IV,94462,NA,ICES SMALK data from 2000-12.,393,2013-11-26T00:00:00.000Z,NA,2013-11-26T00:00:00.000Z,NA,NA,NA,1357
,2522,990,Strongylura marina,207,6323,110,110,TL,NA,NA,1,unsexed,0.0011,0.0011,3,NA,NA,NA,NA,NA,NA,NA,NA,NA,single L-W pair with b=3,NA,NA,NA,Estimated from data given in Reference.,1,1999-06-17T00:00:00.000Z,NA,1999-06-17T00:00:00.000Z,NA,NA,NA,974
,2523,990,Strongylura marina,NA,55642,37.6,78.3,TL,NA,NA,12,Unsexed,7.00E-04,NA,3.175,0.993,NA,NA,NA,NA,NA,NA,NA,NA,type I linear regression,"Central coast, 1993-2000",55642,76,NA,564,2009-11-13T00:00:00.000Z,3,2010-04-29T00:00:00.000Z,NA,NA,NA,974
Y,2524,990,Strongylura marina,NA,55642,35.3,73.4,SL,NA,NA,24,Unsexed,0.0011,NA,3.108,0.99,NA,NA,NA,NA,NA,NA,NA,NA,type I linear regression,"Central coast, 1993-2000",55642,76,NA,564,2009-11-13T00:00:00.000Z,3,2010-04-29T00:00:00.000Z,NA,NA,NA,974
Y,11374,3499,Syngnathus leptorhynchus,NA,93899,6.8,38.5,TL,NA,NA,57,mixed,2.00E-04,NA,3.12,NA,NA,NA,NA,NA,NA,NA,NA,NA,Type I linear regression,"Yaquina estuary, Oregon (44°38'N, 124°13'W), 1975-76",93899,840,Only 2 pipefish were over 34. cm; the regression equation underestimates weight of the largest fish.,3,2013-07-18T00:00:00.000Z,NA,2013-07-18T00:00:00.000Z,NA,NA,NA,3303
,3438,1378,Syngnathus typhle,258,982,7,24,TL,NA,Yes,NA,unsexed,0.00034,0.00034,2.941,NA,NA,NA,NA,NA,NA,NA,NA,NA,type I linear regression,Kiel Bight,982,276,used gutted weight,3,1992-01-12T00:00:00.000Z,3,2012-03-08T00:00:00.000Z,NA,NA,NA,1360
,3439,1378,Syngnathus typhle,258,50933,9.7,28.1,SL,NA,NA,167,mixed,0.00024,NA,3.172,0.95844,NA,NA,NA,NA,NA,NA,NA,NA,type I linear regression,"East coast, 1995",50933,724,NA,3,2004-04-19T00:00:00.000Z,NA,2009-03-25T00:00:00.000Z,NA,NA,NA,1360
,3440,1378,Syngnathus typhle,258,59118,8.2,12.7,TL,NA,NA,31,unsexed,1.00E-04,NA,3.222,0.965,NA,NA,NA,NA,NA,NA,NA,NA,type I linear regression,"River Cetina estuary, middle Adriatic, 2000-2004",59118,191,NA,3,2009-05-04T00:00:00.000Z,NA,2009-05-07T00:00:00.000Z,NA,NA,NA,1360
,3441,1378,Syngnathus typhle,258,72413,NA,NA,TL,NA,NA,93,unsexed,1.00E-04,1.00E-04,3.05,0.9025,NA,NA,NA,NA,NA,NA,NA,NA,type I linear regression,Izmir Bay,NA,792,NA,1,2008-01-10T00:00:00.000Z,NA,2008-01-10T00:00:00.000Z,NA,NA,NA,1360
,3442,1378,Syngnathus typhle,258,72413,NA,NA,TL,NA,NA,14,unsexed,2.00E-04,NA,3.22,0.9409,NA,NA,NA,NA,NA,NA,NA,NA,type I linear regression,Izmir Bay,NA,792,NA,1,2008-01-10T00:00:00.000Z,NA,2008-01-10T00:00:00.000Z,NA,NA,NA,1360
,3443,1378,Syngnathus typhle,258,72413,4,25.8,TL,No,No,125,unsexed,3.00E-04,3.00E-04,3,0.9604,NA,NA,NA,NA,NA,NA,2.94,3.06,type I linear regression,"Izmir Bay, Aegean Sea, 2000 - 2002",NA,792,Transferred a = 3E-07 in mm to cm; 95% CL of b = +/- 0.06,1,2008-01-10T00:00:00.000Z,3,2011-05-19T00:00:00.000Z,NA,NA,NA,1360
Y,10285,1378,Syngnathus typhle,258,88089,6.2,31.6,TL,NA,NA,375,unsexed,2.00E-04,NA,3.196,0.965,NA,0.062,NA,NA,NA,NA,NA,NA,Type II linear regression,"Erdek Bay (27°20'- 27°52' E; 40°18'-40°28' N), Sea of Marmara, 2000-2001",88089,792,NA,3,2011-11-10T00:00:00.000Z,3,2012-03-15T00:00:00.000Z,NA,NA,NA,1360
,35981,1378,Syngnathus typhle,NA,91093,1.61,22.7,TL,NA,NA,61,unsexed,4.00E-04,4.00E-04,2.98,0.86,NA,NA,NA,NA,NA,NA,NA,NA,Type I linear regression,"Candarli Bay, north Aegean Sea, 2006-2008",91093,792,NA,393,2014-07-29T00:00:00.000Z,NA,2014-07-29T00:00:00.000Z,NA,NA,NA,1360
,5065,2915,Synodus foetens,160,4528,13,24,TL,NA,NA,218,unsexed,0.00769,0.00769,2.946,NA,NA,NA,NA,NA,NA,NA,NA,NA,type I linear regression,"Gulf of Mexico, Louisiana & Mississippi",4528,840,NA,3,1992-08-04T00:00:00.000Z,NA,1993-02-25T00:00:00.000Z,NA,NA,NA,2719
,5066,2915,Synodus foetens,160,6937,30.5,30.5,FL,NA,NA,1,unsexed,0.00864,NA,2.979,1,0,0,NA,NA,NA,NA,NA,NA,other,Southern Florida,6937,840,"Preliminary estimate; intercept forced through a point at or close to the origin by adding a ""zero"" data point.",82,1994-05-14T00:00:00.000Z,3,2011-07-29T00:00:00.000Z,NA,NA,NA,2719
,5067,2915,Synodus foetens,160,11824,16,26,FL,NA,NA,12,unsexed,0.00348,0.00152,3.25,NA,NA,NA,NA,NA,NA,NA,NA,NA,type I linear regression,New York Bight,12035,840,NA,3,1996-09-27T00:00:00.000Z,NA,2011-11-10T00:00:00.000Z,NA,NA,NA,2719
,5068,2915,Synodus foetens,160,39376,13.8,47,TL,NA,NA,30,unsexed,0.00835,0.00835,2.952,0.97812,NA,NA,NA,NA,NA,NA,NA,NA,type I linear regression,Rio Grande do Sul (28°-34°S),39376,76,NA,3,2001-08-14T00:00:00.000Z,3,2002-06-12T00:00:00.000Z,NA,NA,NA,2719
Y,5069,2915,Synodus foetens,NA,40728,9.8,35.9,TL,NA,NA,65,Unsexed,0.00265,NA,3.252,0.994,NA,NA,NA,NA,NA,NA,NA,NA,type I linear regression,"Southeastern region (São Sebastião System), São Paulo, 1997",40728,76,NA,564,2009-11-13T00:00:00.000Z,3,2010-04-29T00:00:00.000Z,NA,NA,NA,2719
,5070,2915,Synodus foetens,160,80009,4.3,37,TL,NA,NA,45,mixed,0.00354,NA,3.178,0.99002,0.106,0.044,NA,NA,NA,NA,NA,NA,type I linear regression,"Espirito Santo (0°S - 25°S), 2003-2004",80009,76,NA,3,2009-01-19T00:00:00.000Z,2,2014-05-14T00:00:00.000Z,NA,NA,NA,2719
,5071,2915,Synodus foetens,NA,83872,8,44,TL,NA,NA,61,Unsexed,0.0029,NA,3.21,0.993,NA,NA,NA,NA,NA,NA,NA,NA,type I linear regression,"Southeastern region, 1995-1996",83872,76,NA,564,2009-11-13T00:00:00.000Z,3,2010-04-29T00:00:00.000Z,NA,NA,NA,2719
,36541,2915,Synodus foetens,NA,95265,3.1,23.5,SL,NA,NA,87,unsexed,0.0021,NA,3.515,0.988,NA,0.041,NA,NA,NA,NA,3.434,3.597,Type I linear regression,"Celestun lagoon, Yucatan, 1990-2006",95265,484,Weight range: 0.13 - 112.86 g.,393,2015-04-02T00:00:00.000Z,NA,2015-04-02T00:00:00.000Z,NA,NA,NA,2719
,5074,2920,Synodus myops,160,30504,18.5,23,TL,NA,NA,2,unsexed,0.00997,0.00997,3,NA,NA,NA,NA,NA,NA,NA,NA,NA,several L-W pairs with b=3,NA,NA,NA,Estimated from length-weight pairs in the BRAINS table.,1,1999-06-15T00:00:00.000Z,NA,1999-06-15T00:00:00.000Z,NA,NA,NA,2724
,5075,2920,Synodus myops,160,30504,16.2,20,SL,NA,NA,2,unsexed,0.015,NA,3,NA,NA,NA,NA,NA,NA,NA,NA,NA,several L-W pairs with b=3,NA,NA,NA,Estimated from length-weight pairs in the BRAINS table.,1,1999-06-15T00:00:00.000Z,NA,1999-06-15T00:00:00.000Z,NA,NA,NA,2724
Y,5076,2920,Synodus myops,NA,55642,22.5,32.6,TL,NA,NA,21,Unsexed,4.00E-04,NA,3.972,0.981,NA,NA,NA,NA,NA,NA,NA,NA,type I linear regression,"Central coast, 1993-2000",55642,76,NA,564,2009-11-13T00:00:00.000Z,3,2010-04-29T00:00:00.000Z,NA,NA,NA,2724
,5077,2920,Synodus myops,NA,55642,20.6,30,FL,NA,NA,21,Unsexed,7.00E-04,NA,3.881,0.976,NA,NA,NA,NA,NA,NA,NA,NA,type I linear regression,"Central coast, 1993-2000",55642,76,NA,564,2009-11-13T00:00:00.000Z,3,2010-04-29T00:00:00.000Z,NA,NA,NA,2724
,5663,3786,Umbrina roncador,331,40637,38.7,55.9,TL,NA,NA,4,unsexed,0.0136,0.0136,3,NA,NA,NA,NA,NA,NA,NA,NA,NA,several L-W pairs with b=3,NA,NA,NA,L-W relationship calculated from data in Ref. 40637.,3,2002-04-13T00:00:00.000Z,NA,2002-04-13T00:00:00.000Z,NA,NA,NA,3590
Y,36035,3786,Umbrina roncador,NA,91172,4,42,TL,NA,NA,137,unsexed,0.01,0.01,2.981,0.994,NA,0.001,NA,NA,NA,NA,NA,NA,Type I linear regression,"Gulf of California (Southern Sinaloa and Nayarit), 2005-2007",91172,484,NA,393,2014-07-30T00:00:00.000Z,NA,2014-07-30T00:00:00.000Z,NA,NA,NA,3590
,9191,13341,Zosterisessor ophiocephalus,405,50932,10.2,16.5,TL,NA,NA,15,unsexed,0.011,0.011,2.998,0.86118,NA,NA,NA,NA,NA,NA,NA,NA,type I linear regression,"Porto-Lagos, NE Aegean, 1988-90",50932,300,NA,3,2004-04-17T00:00:00.000Z,NA,2017-04-04T00:00:00.000Z,NA,NA,NA,13018
Y,9192,13341,Zosterisessor ophiocephalus,405,59118,10.5,17.5,TL,NA,NA,20,unsexed,0.011,NA,2.97,0.88,NA,NA,NA,NA,NA,NA,NA,NA,type I linear regression,"River Cetina estuary, middle Adriatic, 2000-2004",59118,191,NA,3,2009-05-04T00:00:00.000Z,NA,2009-05-07T00:00:00.000Z,NA,NA,NA,13018
,35989,13341,Zosterisessor ophiocephalus,NA,91093,6.5,7,TL,NA,NA,4,unsexed,0.0041,0.0041,3.339,0.888,NA,NA,NA,NA,NA,NA,NA,NA,Type I linear regression,"Candarli Bay, north Aegean Sea, 2006-2008",91093,792,NA,393,2014-07-29T00:00:00.000Z,NA,2014-07-29T00:00:00.000Z,NA,NA,NA,13018
